title,company,description,requirements,location,salary,fraudulent
Cybersecurity Analyst,HCL,Looking for a skilled professional to join our growing team.,Relevant degree and skills required,Hyderabad,986653,0
Frontend Developer,TCS,Looking for a skilled professional to join our growing team.,Relevant degree and skills required,Bangalore,894203,0
DevOps Engineer,TCS,Looking for a skilled professional to join our growing team.,Relevant degree and skills required,Hyderabad,418842,0
Software Engineer,Accenture,Looking for a skilled professional to join our growing team.,Relevant degree and skills required,Mumbai,1128519,0
No Skill Job,Unknown Pvt Ltd,Earn high income with minimal effort. Limited seats available.,No experience needed,Remote,1944700,1
Data Scientist,Infosys,Looking for a skilled professional to join our growing team.,Relevant degree and skills required,Delhi,959185,0
System Administrator,Infosys,Looking for a skilled professional to join our growing team.,Relevant degree and skills required,Pune,619905,0
Work From Home Typing,Unknown Pvt Ltd,Earn high income with minimal effort. Limited seats available.,No experience needed,Remote,1961299,1
System Administrator,Accenture,Looking for a skilled professional to join our growing team.,Relevant degree and skills required,Mumbai,875633,0
Easy Money Job,NoCompany,Earn high income with minimal effort. Limited seats available.,No experience needed,Remote,1547988,1
Part Time Data Entry,Scam Ltd,Earn high income with minimal effort. Limited seats available.,No experience needed,Remote,1176840,1
Earn ₹5000 Daily,Scam Ltd,Earn high income with minimal effort. Limited seats available.,No experience needed,Remote,1007361,1
Backend Developer,TCS,Looking for a skilled professional to join our growing team.,Relevant degree and skills required,Chennai,673233,0
DevOps Engineer,Accenture,Looking for a skilled professional to join our growing team.,Relevant degree and skills required,Pune,431214,0
Data Scientist,Infosys,Looking for a skilled professional to join our growing team.,Relevant degree and skills required,Chennai,1181027,0
Frontend Developer,Wipro,Looking for a skilled professional to join our growing team.,Relevant degree and skills required,Hyderabad,543998,0
Cybersecurity Analyst,Wipro,Looking for a skilled professional to join our growing team.,Relevant degree and skills required,Hyderabad,555602,0
Software Engineer,Infosys,Looking for a skilled professional to join our growing team.,Relevant degree and skills required,Chennai,1019023,0
Software Engineer,Capgemini,Looking for a skilled professional to join our growing team.,Relevant degree and skills required,Chennai,563959,0
Software Engineer,TCS,Looking for a skilled professional to join our growing team.,Relevant degree and skills required,Pune,380578,0
DevOps Engineer,TCS,Looking for a skilled professional to join our growing team.,Relevant degree and skills required,Delhi,333420,0
Cybersecurity Analyst,Infosys,Looking for a skilled professional to join our growing team.,Relevant degree and skills required,Mumbai,1008672,0
Online Form Filling,Scam Ltd,Earn high income with minimal effort. Limited seats available.,No experience needed,Remote,640028,1
Easy Money Job,Unknown Pvt Ltd,Earn high income with minimal effort. Limited seats available.,No experience needed,Remote,614999,1
Work From Home Typing,Scam Ltd,Earn high income with minimal effort. Limited seats available.,No experience needed,Remote,907257,1
Work From Home Typing,Scam Ltd,Earn high income with minimal effort. Limited seats available.,No experience needed,Remote,863359,1
Backend Developer,Capgemini,Looking for a skilled professional to join our growing team.,Relevant degree and skills required,Mumbai,825819,0
System Administrator,Tech Mahindra,Looking for a skilled professional to join our growing team.,Relevant degree and skills required,Hyderabad,732449,0
Data Scientist,Wipro,Looking for a skilled professional to join our growing team.,Relevant degree and skills required,Bangalore,702379,0
Part Time Data Entry,FakeCorp,Earn high income with minimal effort. Limited seats available.,No experience needed,Remote,1017725,1
Backend Developer,Accenture,Looking for a skilled professional to join our growing team.,Relevant degree and skills required,Delhi,973351,0
Cybersecurity Analyst,Infosys,Looking for a skilled professional to join our growing team.,Relevant degree and skills required,Mumbai,896586,0
Easy Money Job,NoCompany,Earn high income with minimal effort. Limited seats available.,No experience needed,Remote,1739864,1
Software Engineer,TCS,Looking for a skilled professional to join our growing team.,Relevant degree and skills required,Chennai,769322,0
Backend Developer,Accenture,Looking for a skilled professional to join our growing team.,Relevant degree and skills required,Bangalore,988930,0
Easy Money Job,Scam Ltd,Earn high income with minimal effort. Limited seats available.,No experience needed,Remote,1181450,1
DevOps Engineer,TCS,Looking for a skilled professional to join our growing team.,Relevant degree and skills required,Mumbai,733087,0
Part Time Data Entry,Unknown Pvt Ltd,Earn high income with minimal effort. Limited seats available.,No experience needed,Remote,1476451,1
Frontend Developer,HCL,Looking for a skilled professional to join our growing team.,Relevant degree and skills required,Mumbai,1003874,0
Earn ₹5000 Daily,FakeCorp,Earn high income with minimal effort. Limited seats available.,No experience needed,Remote,1773559,1
Earn ₹5000 Daily,NoCompany,Earn high income with minimal effort. Limited seats available.,No experience needed,Remote,1728639,1
Earn ₹5000 Daily,Unknown Pvt Ltd,Earn high income with minimal effort. Limited seats available.,No experience needed,Remote,763059,1
Frontend Developer,Accenture,Looking for a skilled professional to join our growing team.,Relevant degree and skills required,Mumbai,471874,0
Easy Money Job,Scam Ltd,Earn high income with minimal effort. Limited seats available.,No experience needed,Remote,1138891,1
Earn ₹5000 Daily,Scam Ltd,Earn high income with minimal effort. Limited seats available.,No experience needed,Remote,1183439,1
Part Time Data Entry,Unknown Pvt Ltd,Earn high income with minimal effort. Limited seats available.,No experience needed,Remote,1989507,1
Online Form Filling,FakeCorp,Earn high income with minimal effort. Limited seats available.,No experience needed,Remote,819638,1
Part Time Data Entry,NoCompany,Earn high income with minimal effort. Limited seats available.,No experience needed,Remote,1162619,1
System Administrator,TCS,Looking for a skilled professional to join our growing team.,Relevant degree and skills required,Mumbai,447312,0
Work From Home Typing,Scam Ltd,Earn high income with minimal effort. Limited seats available.,No experience needed,Remote,1048037,1
Easy Money Job,FakeCorp,Earn high income with minimal effort. Limited seats available.,No experience needed,Remote,719027,1
UI/UX Designer,Accenture,Looking for a skilled professional to join our growing team.,Relevant degree and skills required,Chennai,480409,0
System Administrator,Accenture,Looking for a skilled professional to join our growing team.,Relevant degree and skills required,Delhi,809118,0
Work From Home Typing,NoCompany,Earn high income with minimal effort. Limited seats available.,No experience needed,Remote,1674481,1
No Skill Job,NoCompany,Earn high income with minimal effort. Limited seats available.,No experience needed,Remote,1556414,1
System Administrator,Tech Mahindra,Looking for a skilled professional to join our growing team.,Relevant degree and skills required,Chennai,478889,0
Easy Money Job,NoCompany,Earn high income with minimal effort. Limited seats available.,No experience needed,Remote,1892992,1
Easy Money Job,Scam Ltd,Earn high income with minimal effort. Limited seats available.,No experience needed,Remote,1657198,1
UI/UX Designer,Infosys,Looking for a skilled professional to join our growing team.,Relevant degree and skills required,Mumbai,916973,0
Frontend Developer,Tech Mahindra,Looking for a skilled professional to join our growing team.,Relevant degree and skills required,Chennai,571004,0
Part Time Data Entry,NoCompany,Earn high income with minimal effort. Limited seats available.,No experience needed,Remote,1683111,1
Work From Home Typing,FakeCorp,Earn high income with minimal effort. Limited seats available.,No experience needed,Remote,1386405,1
Work From Home Typing,NoCompany,Earn high income with minimal effort. Limited seats available.,No experience needed,Remote,1854031,1
Easy Money Job,NoCompany,Earn high income with minimal effort. Limited seats available.,No experience needed,Remote,1219668,1
DevOps Engineer,HCL,Looking for a skilled professional to join our growing team.,Relevant degree and skills required,Bangalore,1171278,0
Frontend Developer,TCS,Looking for a skilled professional to join our growing team.,Relevant degree and skills required,Pune,538456,0
Easy Money Job,Unknown Pvt Ltd,Earn high income with minimal effort. Limited seats available.,No experience needed,Remote,633171,1
UI/UX Designer,TCS,Looking for a skilled professional to join our growing team.,Relevant degree and skills required,Bangalore,304022,0
No Skill Job,FakeCorp,Earn high income with minimal effort. Limited seats available.,No experience needed,Remote,1579134,1
Part Time Data Entry,Scam Ltd,Earn high income with minimal effort. Limited seats available.,No experience needed,Remote,1972757,1
UI/UX Designer,TCS,Looking for a skilled professional to join our growing team.,Relevant degree and skills required,Hyderabad,948592,0
UI/UX Designer,HCL,Looking for a skilled professional to join our growing team.,Relevant degree and skills required,Pune,1028681,0
Frontend Developer,TCS,Looking for a skilled professional to join our growing team.,Relevant degree and skills required,Delhi,661290,0
System Administrator,Accenture,Looking for a skilled professional to join our growing team.,Relevant degree and skills required,Delhi,319465,0
Part Time Data Entry,FakeCorp,Earn high income with minimal effort. Limited seats available.,No experience needed,Remote,1993863,1
Work From Home Typing,FakeCorp,Earn high income with minimal effort. Limited seats available.,No experience needed,Remote,1170638,1
DevOps Engineer,Capgemini,Looking for a skilled professional to join our growing team.,Relevant degree and skills required,Chennai,513698,0
Part Time Data Entry,Unknown Pvt Ltd,Earn high income with minimal effort. Limited seats available.,No experience needed,Remote,1072450,1
UI/UX Designer,Infosys,Looking for a skilled professional to join our growing team.,Relevant degree and skills required,Hyderabad,777271,0
Data Scientist,TCS,Looking for a skilled professional to join our growing team.,Relevant degree and skills required,Bangalore,1115765,0
Part Time Data Entry,FakeCorp,Earn high income with minimal effort. Limited seats available.,No experience needed,Remote,779723,1
System Administrator,Capgemini,Looking for a skilled professional to join our growing team.,Relevant degree and skills required,Delhi,1020763,0
Online Form Filling,Scam Ltd,Earn high income with minimal effort. Limited seats available.,No experience needed,Remote,1133172,1
No Skill Job,Scam Ltd,Earn high income with minimal effort. Limited seats available.,No experience needed,Remote,1672716,1
Easy Money Job,NoCompany,Earn high income with minimal effort. Limited seats available.,No experience needed,Remote,1904475,1
Work From Home Typing,NoCompany,Earn high income with minimal effort. Limited seats available.,No experience needed,Remote,1328898,1
Earn ₹5000 Daily,Unknown Pvt Ltd,Earn high income with minimal effort. Limited seats available.,No experience needed,Remote,1413912,1
Software Engineer,Capgemini,Looking for a skilled professional to join our growing team.,Relevant degree and skills required,Mumbai,1100420,0
DevOps Engineer,Wipro,Looking for a skilled professional to join our growing team.,Relevant degree and skills required,Chennai,1159987,0
Software Engineer,HCL,Looking for a skilled professional to join our growing team.,Relevant degree and skills required,Hyderabad,536160,0
Software Engineer,Accenture,Looking for a skilled professional to join our growing team.,Relevant degree and skills required,Chennai,420823,0
Easy Money Job,NoCompany,Earn high income with minimal effort. Limited seats available.,No experience needed,Remote,984470,1
Easy Money Job,FakeCorp,Earn high income with minimal effort. Limited seats available.,No experience needed,Remote,1354816,1
Frontend Developer,Tech Mahindra,Looking for a skilled professional to join our growing team.,Relevant degree and skills required,Mumbai,1009007,0
UI/UX Designer,Infosys,Looking for a skilled professional to join our growing team.,Relevant degree and skills required,Mumbai,854952,0
Cybersecurity Analyst,Infosys,Looking for a skilled professional to join our growing team.,Relevant degree and skills required,Mumbai,585655,0
Data Scientist,Accenture,Looking for a skilled professional to join our growing team.,Relevant degree and skills required,Mumbai,474672,0
Software Engineer,TCS,Looking for a skilled professional to join our growing team.,Relevant degree and skills required,Chennai,332197,0
Easy Money Job,Unknown Pvt Ltd,Earn high income with minimal effort. Limited seats available.,No experience needed,Remote,892022,1
Easy Money Job,FakeCorp,Earn high income with minimal effort. Limited seats available.,No experience needed,Remote,1958558,1
UI/UX Designer,Wipro,Looking for a skilled professional to join our growing team.,Relevant degree and skills required,Bangalore,864324,0
No Skill Job,FakeCorp,Earn high income with minimal effort. Limited seats available.,No experience needed,Remote,679487,1
Data Scientist,Accenture,Looking for a skilled professional to join our growing team.,Relevant degree and skills required,Bangalore,1020812,0
Part Time Data Entry,Unknown Pvt Ltd,Earn high income with minimal effort. Limited seats available.,No experience needed,Remote,819912,1
Easy Money Job,FakeCorp,Earn high income with minimal effort. Limited seats available.,No experience needed,Remote,789916,1
DevOps Engineer,Capgemini,Looking for a skilled professional to join our growing team.,Relevant degree and skills required,Bangalore,386942,0
No Skill Job,Unknown Pvt Ltd,Earn high income with minimal effort. Limited seats available.,No experience needed,Remote,955959,1
Frontend Developer,Tech Mahindra,Looking for a skilled professional to join our growing team.,Relevant degree and skills required,Bangalore,712013,0
Backend Developer,TCS,Looking for a skilled professional to join our growing team.,Relevant degree and skills required,Mumbai,1083267,0
Online Form Filling,Unknown Pvt Ltd,Earn high income with minimal effort. Limited seats available.,No experience needed,Remote,1241898,1
Online Form Filling,FakeCorp,Earn high income with minimal effort. Limited seats available.,No experience needed,Remote,728485,1
Work From Home Typing,FakeCorp,Earn high income with minimal effort. Limited seats available.,No experience needed,Remote,1270539,1
Part Time Data Entry,NoCompany,Earn high income with minimal effort. Limited seats available.,No experience needed,Remote,1047496,1
No Skill Job,FakeCorp,Earn high income with minimal effort. Limited seats available.,No experience needed,Remote,1749156,1
Work From Home Typing,NoCompany,Earn high income with minimal effort. Limited seats available.,No experience needed,Remote,1430499,1
Easy Money Job,FakeCorp,Earn high income with minimal effort. Limited seats available.,No experience needed,Remote,905599,1
Easy Money Job,NoCompany,Earn high income with minimal effort. Limited seats available.,No experience needed,Remote,1129122,1
Online Form Filling,FakeCorp,Earn high income with minimal effort. Limited seats available.,No experience needed,Remote,1430930,1
System Administrator,Accenture,Looking for a skilled professional to join our growing team.,Relevant degree and skills required,Chennai,788870,0
Software Engineer,Accenture,Looking for a skilled professional to join our growing team.,Relevant degree and skills required,Pune,602954,0
Work From Home Typing,Scam Ltd,Earn high income with minimal effort. Limited seats available.,No experience needed,Remote,1685683,1
Online Form Filling,FakeCorp,Earn high income with minimal effort. Limited seats available.,No experience needed,Remote,691767,1
Part Time Data Entry,Unknown Pvt Ltd,Earn high income with minimal effort. Limited seats available.,No experience needed,Remote,1809144,1
No Skill Job,FakeCorp,Earn high income with minimal effort. Limited seats available.,No experience needed,Remote,1132603,1
Data Scientist,Infosys,Looking for a skilled professional to join our growing team.,Relevant degree and skills required,Hyderabad,528514,0
System Administrator,Infosys,Looking for a skilled professional to join our growing team.,Relevant degree and skills required,Bangalore,1190776,0
Part Time Data Entry,Unknown Pvt Ltd,Earn high income with minimal effort. Limited seats available.,No experience needed,Remote,606517,1
Easy Money Job,Unknown Pvt Ltd,Earn high income with minimal effort. Limited seats available.,No experience needed,Remote,1748665,1
UI/UX Designer,HCL,Looking for a skilled professional to join our growing team.,Relevant degree and skills required,Hyderabad,728248,0
Online Form Filling,NoCompany,Earn high income with minimal effort. Limited seats available.,No experience needed,Remote,1512922,1
Part Time Data Entry,Unknown Pvt Ltd,Earn high income with minimal effort. Limited seats available.,No experience needed,Remote,909765,1
UI/UX Designer,Infosys,Looking for a skilled professional to join our growing team.,Relevant degree and skills required,Hyderabad,886397,0
No Skill Job,Scam Ltd,Earn high income with minimal effort. Limited seats available.,No experience needed,Remote,992651,1
No Skill Job,FakeCorp,Earn high income with minimal effort. Limited seats available.,No experience needed,Remote,1897744,1
Part Time Data Entry,Unknown Pvt Ltd,Earn high income with minimal effort. Limited seats available.,No experience needed,Remote,1174107,1
No Skill Job,Unknown Pvt Ltd,Earn high income with minimal effort. Limited seats available.,No experience needed,Remote,1245035,1
Backend Developer,Capgemini,Looking for a skilled professional to join our growing team.,Relevant degree and skills required,Pune,1130315,0
No Skill Job,FakeCorp,Earn high income with minimal effort. Limited seats available.,No experience needed,Remote,1016602,1
System Administrator,Wipro,Looking for a skilled professional to join our growing team.,Relevant degree and skills required,Hyderabad,564832,0
Online Form Filling,Unknown Pvt Ltd,Earn high income with minimal effort. Limited seats available.,No experience needed,Remote,1546608,1
Backend Developer,Infosys,Looking for a skilled professional to join our growing team.,Relevant degree and skills required,Hyderabad,1114500,0
No Skill Job,NoCompany,Earn high income with minimal effort. Limited seats available.,No experience needed,Remote,1491371,1
Backend Developer,Capgemini,Looking for a skilled professional to join our growing team.,Relevant degree and skills required,Bangalore,371141,0
System Administrator,Capgemini,Looking for a skilled professional to join our growing team.,Relevant degree and skills required,Delhi,855777,0
Part Time Data Entry,FakeCorp,Earn high income with minimal effort. Limited seats available.,No experience needed,Remote,1171430,1
Frontend Developer,Wipro,Looking for a skilled professional to join our growing team.,Relevant degree and skills required,Mumbai,591753,0
Online Form Filling,NoCompany,Earn high income with minimal effort. Limited seats available.,No experience needed,Remote,946866,1
Frontend Developer,Wipro,Looking for a skilled professional to join our growing team.,Relevant degree and skills required,Pune,887271,0
Work From Home Typing,FakeCorp,Earn high income with minimal effort. Limited seats available.,No experience needed,Remote,1562751,1
Backend Developer,TCS,Looking for a skilled professional to join our growing team.,Relevant degree and skills required,Pune,566075,0
Work From Home Typing,FakeCorp,Earn high income with minimal effort. Limited seats available.,No experience needed,Remote,1812597,1
Easy Money Job,Scam Ltd,Earn high income with minimal effort. Limited seats available.,No experience needed,Remote,1309823,1
Software Engineer,HCL,Looking for a skilled professional to join our growing team.,Relevant degree and skills required,Bangalore,821667,0
UI/UX Designer,HCL,Looking for a skilled professional to join our growing team.,Relevant degree and skills required,Pune,1146395,0
Work From Home Typing,FakeCorp,Earn high income with minimal effort. Limited seats available.,No experience needed,Remote,1319843,1
Backend Developer,Infosys,Looking for a skilled professional to join our growing team.,Relevant degree and skills required,Mumbai,682466,0
Part Time Data Entry,Scam Ltd,Earn high income with minimal effort. Limited seats available.,No experience needed,Remote,887835,1
Backend Developer,Accenture,Looking for a skilled professional to join our growing team.,Relevant degree and skills required,Hyderabad,1105622,0
Frontend Developer,Capgemini,Looking for a skilled professional to join our growing team.,Relevant degree and skills required,Pune,611012,0
Backend Developer,Infosys,Looking for a skilled professional to join our growing team.,Relevant degree and skills required,Hyderabad,1097831,0
Cybersecurity Analyst,Tech Mahindra,Looking for a skilled professional to join our growing team.,Relevant degree and skills required,Delhi,858398,0
Data Scientist,Tech Mahindra,Looking for a skilled professional to join our growing team.,Relevant degree and skills required,Bangalore,858453,0
UI/UX Designer,Tech Mahindra,Looking for a skilled professional to join our growing team.,Relevant degree and skills required,Pune,315253,0
Backend Developer,Capgemini,Looking for a skilled professional to join our growing team.,Relevant degree and skills required,Delhi,343063,0
Data Scientist,Accenture,Looking for a skilled professional to join our growing team.,Relevant degree and skills required,Hyderabad,584825,0
UI/UX Designer,Infosys,Looking for a skilled professional to join our growing team.,Relevant degree and skills required,Hyderabad,382334,0
Frontend Developer,Accenture,Looking for a skilled professional to join our growing team.,Relevant degree and skills required,Chennai,539611,0
Backend Developer,Infosys,Looking for a skilled professional to join our growing team.,Relevant degree and skills required,Hyderabad,897730,0
Online Form Filling,Scam Ltd,Earn high income with minimal effort. Limited seats available.,No experience needed,Remote,945528,1
System Administrator,TCS,Looking for a skilled professional to join our growing team.,Relevant degree and skills required,Bangalore,655549,0
Data Scientist,Accenture,Looking for a skilled professional to join our growing team.,Relevant degree and skills required,Pune,677276,0
Data Scientist,Capgemini,Looking for a skilled professional to join our growing team.,Relevant degree and skills required,Pune,855925,0
Earn ₹5000 Daily,NoCompany,Earn high income with minimal effort. Limited seats available.,No experience needed,Remote,952486,1
Cybersecurity Analyst,HCL,Looking for a skilled professional to join our growing team.,Relevant degree and skills required,Hyderabad,907405,0
System Administrator,HCL,Looking for a skilled professional to join our growing team.,Relevant degree and skills required,Pune,1044737,0
Backend Developer,HCL,Looking for a skilled professional to join our growing team.,Relevant degree and skills required,Pune,1067451,0
Online Form Filling,FakeCorp,Earn high income with minimal effort. Limited seats available.,No experience needed,Remote,1379034,1
Part Time Data Entry,Scam Ltd,Earn high income with minimal effort. Limited seats available.,No experience needed,Remote,752749,1
Cybersecurity Analyst,HCL,Looking for a skilled professional to join our growing team.,Relevant degree and skills required,Bangalore,302662,0
Part Time Data Entry,FakeCorp,Earn high income with minimal effort. Limited seats available.,No experience needed,Remote,1431127,1
UI/UX Designer,Accenture,Looking for a skilled professional to join our growing team.,Relevant degree and skills required,Bangalore,906269,0
Frontend Developer,Capgemini,Looking for a skilled professional to join our growing team.,Relevant degree and skills required,Delhi,739553,0
Earn ₹5000 Daily,NoCompany,Earn high income with minimal effort. Limited seats available.,No experience needed,Remote,1170016,1
Work From Home Typing,Unknown Pvt Ltd,Earn high income with minimal effort. Limited seats available.,No experience needed,Remote,1647268,1
No Skill Job,NoCompany,Earn high income with minimal effort. Limited seats available.,No experience needed,Remote,800437,1
Data Scientist,HCL,Looking for a skilled professional to join our growing team.,Relevant degree and skills required,Hyderabad,392022,0
Backend Developer,Capgemini,Looking for a skilled professional to join our growing team.,Relevant degree and skills required,Mumbai,466954,0
Part Time Data Entry,NoCompany,Earn high income with minimal effort. Limited seats available.,No experience needed,Remote,1497725,1
Part Time Data Entry,Scam Ltd,Earn high income with minimal effort. Limited seats available.,No experience needed,Remote,636434,1
Backend Developer,Wipro,Looking for a skilled professional to join our growing team.,Relevant degree and skills required,Pune,855843,0
Part Time Data Entry,Unknown Pvt Ltd,Earn high income with minimal effort. Limited seats available.,No experience needed,Remote,805737,1
Earn ₹5000 Daily,NoCompany,Earn high income with minimal effort. Limited seats available.,No experience needed,Remote,786087,1
Cybersecurity Analyst,Infosys,Looking for a skilled professional to join our growing team.,Relevant degree and skills required,Bangalore,328729,0
Part Time Data Entry,Unknown Pvt Ltd,Earn high income with minimal effort. Limited seats available.,No experience needed,Remote,891604,1
System Administrator,Capgemini,Looking for a skilled professional to join our growing team.,Relevant degree and skills required,Delhi,803922,0
No Skill Job,Unknown Pvt Ltd,Earn high income with minimal effort. Limited seats available.,No experience needed,Remote,1150701,1
Cybersecurity Analyst,Capgemini,Looking for a skilled professional to join our growing team.,Relevant degree and skills required,Mumbai,1181609,0
Data Scientist,Capgemini,Looking for a skilled professional to join our growing team.,Relevant degree and skills required,Delhi,1054647,0
Data Scientist,HCL,Looking for a skilled professional to join our growing team.,Relevant degree and skills required,Hyderabad,663083,0
System Administrator,Tech Mahindra,Looking for a skilled professional to join our growing team.,Relevant degree and skills required,Bangalore,706413,0
Online Form Filling,FakeCorp,Earn high income with minimal effort. Limited seats available.,No experience needed,Remote,623853,1
System Administrator,Wipro,Looking for a skilled professional to join our growing team.,Relevant degree and skills required,Chennai,553048,0
Part Time Data Entry,Unknown Pvt Ltd,Earn high income with minimal effort. Limited seats available.,No experience needed,Remote,696134,1
Software Engineer,HCL,Looking for a skilled professional to join our growing team.,Relevant degree and skills required,Delhi,892219,0
Easy Money Job,FakeCorp,Earn high income with minimal effort. Limited seats available.,No experience needed,Remote,1543696,1
Earn ₹5000 Daily,Unknown Pvt Ltd,Earn high income with minimal effort. Limited seats available.,No experience needed,Remote,1499783,1
Online Form Filling,FakeCorp,Earn high income with minimal effort. Limited seats available.,No experience needed,Remote,738658,1
DevOps Engineer,Accenture,Looking for a skilled professional to join our growing team.,Relevant degree and skills required,Pune,1183283,0
Frontend Developer,TCS,Looking for a skilled professional to join our growing team.,Relevant degree and skills required,Delhi,691280,0
Part Time Data Entry,FakeCorp,Earn high income with minimal effort. Limited seats available.,No experience needed,Remote,1047791,1
DevOps Engineer,Infosys,Looking for a skilled professional to join our growing team.,Relevant degree and skills required,Pune,1037945,0
Online Form Filling,NoCompany,Earn high income with minimal effort. Limited seats available.,No experience needed,Remote,775879,1
No Skill Job,NoCompany,Earn high income with minimal effort. Limited seats available.,No experience needed,Remote,1963167,1
Online Form Filling,NoCompany,Earn high income with minimal effort. Limited seats available.,No experience needed,Remote,1126229,1
Online Form Filling,NoCompany,Earn high income with minimal effort. Limited seats available.,No experience needed,Remote,985927,1
Cybersecurity Analyst,TCS,Looking for a skilled professional to join our growing team.,Relevant degree and skills required,Pune,1192848,0
Online Form Filling,NoCompany,Earn high income with minimal effort. Limited seats available.,No experience needed,Remote,644715,1
Easy Money Job,FakeCorp,Earn high income with minimal effort. Limited seats available.,No experience needed,Remote,1728361,1
Earn ₹5000 Daily,Scam Ltd,Earn high income with minimal effort. Limited seats available.,No experience needed,Remote,1121493,1
Cybersecurity Analyst,Accenture,Looking for a skilled professional to join our growing team.,Relevant degree and skills required,Delhi,320087,0
Part Time Data Entry,NoCompany,Earn high income with minimal effort. Limited seats available.,No experience needed,Remote,1732115,1
No Skill Job,Unknown Pvt Ltd,Earn high income with minimal effort. Limited seats available.,No experience needed,Remote,1363329,1
Backend Developer,Accenture,Looking for a skilled professional to join our growing team.,Relevant degree and skills required,Delhi,711428,0
Online Form Filling,FakeCorp,Earn high income with minimal effort. Limited seats available.,No experience needed,Remote,1498589,1
Earn ₹5000 Daily,Unknown Pvt Ltd,Earn high income with minimal effort. Limited seats available.,No experience needed,Remote,972445,1
Software Engineer,Infosys,Looking for a skilled professional to join our growing team.,Relevant degree and skills required,Bangalore,1103857,0
UI/UX Designer,Wipro,Looking for a skilled professional to join our growing team.,Relevant degree and skills required,Mumbai,510525,0
Easy Money Job,FakeCorp,Earn high income with minimal effort. Limited seats available.,No experience needed,Remote,1849157,1
Easy Money Job,Unknown Pvt Ltd,Earn high income with minimal effort. Limited seats available.,No experience needed,Remote,1253287,1
Work From Home Typing,Unknown Pvt Ltd,Earn high income with minimal effort. Limited seats available.,No experience needed,Remote,740702,1
Online Form Filling,NoCompany,Earn high income with minimal effort. Limited seats available.,No experience needed,Remote,1614439,1
No Skill Job,Unknown Pvt Ltd,Earn high income with minimal effort. Limited seats available.,No experience needed,Remote,653602,1
Software Engineer,HCL,Looking for a skilled professional to join our growing team.,Relevant degree and skills required,Hyderabad,1010564,0
System Administrator,Accenture,Looking for a skilled professional to join our growing team.,Relevant degree and skills required,Mumbai,350046,0
Part Time Data Entry,FakeCorp,Earn high income with minimal effort. Limited seats available.,No experience needed,Remote,1501271,1
Earn ₹5000 Daily,Unknown Pvt Ltd,Earn high income with minimal effort. Limited seats available.,No experience needed,Remote,1572714,1
Part Time Data Entry,Unknown Pvt Ltd,Earn high income with minimal effort. Limited seats available.,No experience needed,Remote,1823683,1
Data Scientist,Tech Mahindra,Looking for a skilled professional to join our growing team.,Relevant degree and skills required,Mumbai,503299,0
No Skill Job,Scam Ltd,Earn high income with minimal effort. Limited seats available.,No experience needed,Remote,1173312,1
Work From Home Typing,Scam Ltd,Earn high income with minimal effort. Limited seats available.,No experience needed,Remote,978214,1
Work From Home Typing,FakeCorp,Earn high income with minimal effort. Limited seats available.,No experience needed,Remote,1632979,1
Part Time Data Entry,Unknown Pvt Ltd,Earn high income with minimal effort. Limited seats available.,No experience needed,Remote,1775681,1
Easy Money Job,Unknown Pvt Ltd,Earn high income with minimal effort. Limited seats available.,No experience needed,Remote,1082843,1
Part Time Data Entry,NoCompany,Earn high income with minimal effort. Limited seats available.,No experience needed,Remote,677266,1
Cybersecurity Analyst,TCS,Looking for a skilled professional to join our growing team.,Relevant degree and skills required,Hyderabad,1090481,0
UI/UX Designer,Tech Mahindra,Looking for a skilled professional to join our growing team.,Relevant degree and skills required,Pune,429827,0
No Skill Job,Scam Ltd,Earn high income with minimal effort. Limited seats available.,No experience needed,Remote,791617,1
Part Time Data Entry,FakeCorp,Earn high income with minimal effort. Limited seats available.,No experience needed,Remote,662152,1
Cybersecurity Analyst,Tech Mahindra,Looking for a skilled professional to join our growing team.,Relevant degree and skills required,Mumbai,899200,0
Frontend Developer,TCS,Looking for a skilled professional to join our growing team.,Relevant degree and skills required,Delhi,943336,0
Work From Home Typing,NoCompany,Earn high income with minimal effort. Limited seats available.,No experience needed,Remote,1692494,1
Data Scientist,HCL,Looking for a skilled professional to join our growing team.,Relevant degree and skills required,Bangalore,1156668,0
Backend Developer,Capgemini,Looking for a skilled professional to join our growing team.,Relevant degree and skills required,Pune,361843,0
Software Engineer,TCS,Looking for a skilled professional to join our growing team.,Relevant degree and skills required,Bangalore,416583,0
No Skill Job,Scam Ltd,Earn high income with minimal effort. Limited seats available.,No experience needed,Remote,1241764,1
Data Scientist,HCL,Looking for a skilled professional to join our growing team.,Relevant degree and skills required,Hyderabad,786623,0
Data Scientist,Infosys,Looking for a skilled professional to join our growing team.,Relevant degree and skills required,Mumbai,461005,0
Part Time Data Entry,Scam Ltd,Earn high income with minimal effort. Limited seats available.,No experience needed,Remote,1594246,1
Frontend Developer,HCL,Looking for a skilled professional to join our growing team.,Relevant degree and skills required,Mumbai,322531,0
System Administrator,Capgemini,Looking for a skilled professional to join our growing team.,Relevant degree and skills required,Mumbai,892560,0
Online Form Filling,Unknown Pvt Ltd,Earn high income with minimal effort. Limited seats available.,No experience needed,Remote,1114813,1
Data Scientist,Wipro,Looking for a skilled professional to join our growing team.,Relevant degree and skills required,Pune,1155852,0
No Skill Job,FakeCorp,Earn high income with minimal effort. Limited seats available.,No experience needed,Remote,1273769,1
Easy Money Job,Unknown Pvt Ltd,Earn high income with minimal effort. Limited seats available.,No experience needed,Remote,1637461,1
Online Form Filling,NoCompany,Earn high income with minimal effort. Limited seats available.,No experience needed,Remote,1059646,1
UI/UX Designer,Capgemini,Looking for a skilled professional to join our growing team.,Relevant degree and skills required,Delhi,1054214,0
Online Form Filling,Unknown Pvt Ltd,Earn high income with minimal effort. Limited seats available.,No experience needed,Remote,1592483,1
Part Time Data Entry,Scam Ltd,Earn high income with minimal effort. Limited seats available.,No experience needed,Remote,633361,1
DevOps Engineer,Capgemini,Looking for a skilled professional to join our growing team.,Relevant degree and skills required,Mumbai,731220,0
No Skill Job,NoCompany,Earn high income with minimal effort. Limited seats available.,No experience needed,Remote,1950721,1
Easy Money Job,Scam Ltd,Earn high income with minimal effort. Limited seats available.,No experience needed,Remote,924991,1
Backend Developer,Tech Mahindra,Looking for a skilled professional to join our growing team.,Relevant degree and skills required,Bangalore,770413,0
System Administrator,Capgemini,Looking for a skilled professional to join our growing team.,Relevant degree and skills required,Bangalore,1169868,0
Data Scientist,Infosys,Looking for a skilled professional to join our growing team.,Relevant degree and skills required,Chennai,1103010,0
Earn ₹5000 Daily,Scam Ltd,Earn high income with minimal effort. Limited seats available.,No experience needed,Remote,1618804,1
Software Engineer,Capgemini,Looking for a skilled professional to join our growing team.,Relevant degree and skills required,Delhi,932507,0
Cybersecurity Analyst,HCL,Looking for a skilled professional to join our growing team.,Relevant degree and skills required,Hyderabad,1160939,0
Backend Developer,TCS,Looking for a skilled professional to join our growing team.,Relevant degree and skills required,Bangalore,587714,0
DevOps Engineer,Tech Mahindra,Looking for a skilled professional to join our growing team.,Relevant degree and skills required,Chennai,958571,0
Data Scientist,Accenture,Looking for a skilled professional to join our growing team.,Relevant degree and skills required,Chennai,1085925,0
Cybersecurity Analyst,Capgemini,Looking for a skilled professional to join our growing team.,Relevant degree and skills required,Bangalore,1158340,0
Backend Developer,Wipro,Looking for a skilled professional to join our growing team.,Relevant degree and skills required,Pune,843315,0
Easy Money Job,Unknown Pvt Ltd,Earn high income with minimal effort. Limited seats available.,No experience needed,Remote,990234,1
Backend Developer,Capgemini,Looking for a skilled professional to join our growing team.,Relevant degree and skills required,Mumbai,721315,0
DevOps Engineer,Capgemini,Looking for a skilled professional to join our growing team.,Relevant degree and skills required,Delhi,1042381,0
Backend Developer,Tech Mahindra,Looking for a skilled professional to join our growing team.,Relevant degree and skills required,Delhi,741704,0
DevOps Engineer,TCS,Looking for a skilled professional to join our growing team.,Relevant degree and skills required,Bangalore,681369,0
Work From Home Typing,NoCompany,Earn high income with minimal effort. Limited seats available.,No experience needed,Remote,1241775,1
No Skill Job,FakeCorp,Earn high income with minimal effort. Limited seats available.,No experience needed,Remote,999436,1
Earn ₹5000 Daily,FakeCorp,Earn high income with minimal effort. Limited seats available.,No experience needed,Remote,663186,1
Easy Money Job,NoCompany,Earn high income with minimal effort. Limited seats available.,No experience needed,Remote,1524744,1
No Skill Job,NoCompany,Earn high income with minimal effort. Limited seats available.,No experience needed,Remote,1286624,1
No Skill Job,NoCompany,Earn high income with minimal effort. Limited seats available.,No experience needed,Remote,1219956,1
Cybersecurity Analyst,Accenture,Looking for a skilled professional to join our growing team.,Relevant degree and skills required,Pune,940826,0
Work From Home Typing,Unknown Pvt Ltd,Earn high income with minimal effort. Limited seats available.,No experience needed,Remote,1948538,1
No Skill Job,NoCompany,Earn high income with minimal effort. Limited seats available.,No experience needed,Remote,1146911,1
Online Form Filling,Scam Ltd,Earn high income with minimal effort. Limited seats available.,No experience needed,Remote,1209096,1
Frontend Developer,TCS,Looking for a skilled professional to join our growing team.,Relevant degree and skills required,Mumbai,560524,0
System Administrator,TCS,Looking for a skilled professional to join our growing team.,Relevant degree and skills required,Mumbai,1038668,0
DevOps Engineer,Infosys,Looking for a skilled professional to join our growing team.,Relevant degree and skills required,Hyderabad,618427,0
UI/UX Designer,HCL,Looking for a skilled professional to join our growing team.,Relevant degree and skills required,Mumbai,1021280,0
Easy Money Job,FakeCorp,Earn high income with minimal effort. Limited seats available.,No experience needed,Remote,1352391,1
Earn ₹5000 Daily,Scam Ltd,Earn high income with minimal effort. Limited seats available.,No experience needed,Remote,1121383,1
Cybersecurity Analyst,Capgemini,Looking for a skilled professional to join our growing team.,Relevant degree and skills required,Chennai,721755,0
UI/UX Designer,Capgemini,Looking for a skilled professional to join our growing team.,Relevant degree and skills required,Delhi,608198,0
Part Time Data Entry,Unknown Pvt Ltd,Earn high income with minimal effort. Limited seats available.,No experience needed,Remote,639551,1
Earn ₹5000 Daily,NoCompany,Earn high income with minimal effort. Limited seats available.,No experience needed,Remote,1472186,1
Frontend Developer,Infosys,Looking for a skilled professional to join our growing team.,Relevant degree and skills required,Bangalore,1014727,0
Part Time Data Entry,Scam Ltd,Earn high income with minimal effort. Limited seats available.,No experience needed,Remote,1220878,1
UI/UX Designer,Accenture,Looking for a skilled professional to join our growing team.,Relevant degree and skills required,Hyderabad,586615,0
UI/UX Designer,Tech Mahindra,Looking for a skilled professional to join our growing team.,Relevant degree and skills required,Pune,1052384,0
Online Form Filling,Scam Ltd,Earn high income with minimal effort. Limited seats available.,No experience needed,Remote,1353841,1
Part Time Data Entry,Unknown Pvt Ltd,Earn high income with minimal effort. Limited seats available.,No experience needed,Remote,924726,1
System Administrator,Tech Mahindra,Looking for a skilled professional to join our growing team.,Relevant degree and skills required,Delhi,1068449,0
Part Time Data Entry,Unknown Pvt Ltd,Earn high income with minimal effort. Limited seats available.,No experience needed,Remote,1615679,1
Software Engineer,Infosys,Looking for a skilled professional to join our growing team.,Relevant degree and skills required,Pune,928862,0
DevOps Engineer,Capgemini,Looking for a skilled professional to join our growing team.,Relevant degree and skills required,Mumbai,586093,0
Easy Money Job,NoCompany,Earn high income with minimal effort. Limited seats available.,No experience needed,Remote,1585209,1
Software Engineer,Wipro,Looking for a skilled professional to join our growing team.,Relevant degree and skills required,Chennai,892302,0
Software Engineer,HCL,Looking for a skilled professional to join our growing team.,Relevant degree and skills required,Pune,378377,0
Data Scientist,Infosys,Looking for a skilled professional to join our growing team.,Relevant degree and skills required,Mumbai,629426,0
Data Scientist,Wipro,Looking for a skilled professional to join our growing team.,Relevant degree and skills required,Pune,1123237,0
Frontend Developer,Accenture,Looking for a skilled professional to join our growing team.,Relevant degree and skills required,Mumbai,879799,0
Online Form Filling,Scam Ltd,Earn high income with minimal effort. Limited seats available.,No experience needed,Remote,659359,1
Work From Home Typing,NoCompany,Earn high income with minimal effort. Limited seats available.,No experience needed,Remote,850344,1
Cybersecurity Analyst,HCL,Looking for a skilled professional to join our growing team.,Relevant degree and skills required,Delhi,903502,0
UI/UX Designer,Wipro,Looking for a skilled professional to join our growing team.,Relevant degree and skills required,Chennai,841722,0
DevOps Engineer,Capgemini,Looking for a skilled professional to join our growing team.,Relevant degree and skills required,Delhi,624501,0
Easy Money Job,Scam Ltd,Earn high income with minimal effort. Limited seats available.,No experience needed,Remote,1307174,1
No Skill Job,NoCompany,Earn high income with minimal effort. Limited seats available.,No experience needed,Remote,1930384,1
Part Time Data Entry,Scam Ltd,Earn high income with minimal effort. Limited seats available.,No experience needed,Remote,1300297,1
No Skill Job,FakeCorp,Earn high income with minimal effort. Limited seats available.,No experience needed,Remote,1613245,1
Frontend Developer,HCL,Looking for a skilled professional to join our growing team.,Relevant degree and skills required,Bangalore,985708,0
DevOps Engineer,Capgemini,Looking for a skilled professional to join our growing team.,Relevant degree and skills required,Hyderabad,498501,0
Cybersecurity Analyst,Wipro,Looking for a skilled professional to join our growing team.,Relevant degree and skills required,Delhi,438250,0
Easy Money Job,FakeCorp,Earn high income with minimal effort. Limited seats available.,No experience needed,Remote,1721241,1
UI/UX Designer,Capgemini,Looking for a skilled professional to join our growing team.,Relevant degree and skills required,Pune,1060603,0
Frontend Developer,Capgemini,Looking for a skilled professional to join our growing team.,Relevant degree and skills required,Mumbai,1195702,0
Frontend Developer,TCS,Looking for a skilled professional to join our growing team.,Relevant degree and skills required,Pune,1112934,0
UI/UX Designer,Tech Mahindra,Looking for a skilled professional to join our growing team.,Relevant degree and skills required,Pune,1149743,0
Work From Home Typing,Scam Ltd,Earn high income with minimal effort. Limited seats available.,No experience needed,Remote,1385163,1
Work From Home Typing,FakeCorp,Earn high income with minimal effort. Limited seats available.,No experience needed,Remote,999820,1
Backend Developer,Accenture,Looking for a skilled professional to join our growing team.,Relevant degree and skills required,Mumbai,478021,0
System Administrator,TCS,Looking for a skilled professional to join our growing team.,Relevant degree and skills required,Pune,357173,0
UI/UX Designer,Wipro,Looking for a skilled professional to join our growing team.,Relevant degree and skills required,Hyderabad,1140053,0
Earn ₹5000 Daily,NoCompany,Earn high income with minimal effort. Limited seats available.,No experience needed,Remote,1593253,1
Cybersecurity Analyst,Infosys,Looking for a skilled professional to join our growing team.,Relevant degree and skills required,Delhi,928579,0
Earn ₹5000 Daily,Scam Ltd,Earn high income with minimal effort. Limited seats available.,No experience needed,Remote,1548056,1
Part Time Data Entry,FakeCorp,Earn high income with minimal effort. Limited seats available.,No experience needed,Remote,1355211,1
System Administrator,Wipro,Looking for a skilled professional to join our growing team.,Relevant degree and skills required,Mumbai,830663,0
UI/UX Designer,Capgemini,Looking for a skilled professional to join our growing team.,Relevant degree and skills required,Delhi,672121,0
Work From Home Typing,Scam Ltd,Earn high income with minimal effort. Limited seats available.,No experience needed,Remote,1962502,1
Part Time Data Entry,Scam Ltd,Earn high income with minimal effort. Limited seats available.,No experience needed,Remote,892520,1
Part Time Data Entry,Scam Ltd,Earn high income with minimal effort. Limited seats available.,No experience needed,Remote,1897336,1
Data Scientist,Infosys,Looking for a skilled professional to join our growing team.,Relevant degree and skills required,Delhi,416442,0
Backend Developer,Infosys,Looking for a skilled professional to join our growing team.,Relevant degree and skills required,Pune,598630,0
Data Scientist,Accenture,Looking for a skilled professional to join our growing team.,Relevant degree and skills required,Pune,1009104,0
UI/UX Designer,Accenture,Looking for a skilled professional to join our growing team.,Relevant degree and skills required,Pune,971839,0
System Administrator,Tech Mahindra,Looking for a skilled professional to join our growing team.,Relevant degree and skills required,Mumbai,821138,0
Frontend Developer,TCS,Looking for a skilled professional to join our growing team.,Relevant degree and skills required,Pune,899445,0
Data Scientist,Capgemini,Looking for a skilled professional to join our growing team.,Relevant degree and skills required,Hyderabad,600458,0
Earn ₹5000 Daily,FakeCorp,Earn high income with minimal effort. Limited seats available.,No experience needed,Remote,954262,1
Online Form Filling,NoCompany,Earn high income with minimal effort. Limited seats available.,No experience needed,Remote,1315302,1
DevOps Engineer,Infosys,Looking for a skilled professional to join our growing team.,Relevant degree and skills required,Pune,554893,0
UI/UX Designer,HCL,Looking for a skilled professional to join our growing team.,Relevant degree and skills required,Hyderabad,621548,0
Part Time Data Entry,Scam Ltd,Earn high income with minimal effort. Limited seats available.,No experience needed,Remote,1875022,1
UI/UX Designer,Tech Mahindra,Looking for a skilled professional to join our growing team.,Relevant degree and skills required,Delhi,1139907,0
Easy Money Job,Unknown Pvt Ltd,Earn high income with minimal effort. Limited seats available.,No experience needed,Remote,1802390,1
Work From Home Typing,FakeCorp,Earn high income with minimal effort. Limited seats available.,No experience needed,Remote,1423608,1
No Skill Job,Unknown Pvt Ltd,Earn high income with minimal effort. Limited seats available.,No experience needed,Remote,1589576,1
Software Engineer,Infosys,Looking for a skilled professional to join our growing team.,Relevant degree and skills required,Chennai,863056,0
Software Engineer,Wipro,Looking for a skilled professional to join our growing team.,Relevant degree and skills required,Mumbai,1076582,0
Frontend Developer,HCL,Looking for a skilled professional to join our growing team.,Relevant degree and skills required,Hyderabad,627139,0
Online Form Filling,NoCompany,Earn high income with minimal effort. Limited seats available.,No experience needed,Remote,1815129,1
Easy Money Job,FakeCorp,Earn high income with minimal effort. Limited seats available.,No experience needed,Remote,1666834,1
Easy Money Job,Unknown Pvt Ltd,Earn high income with minimal effort. Limited seats available.,No experience needed,Remote,1075306,1
UI/UX Designer,Accenture,Looking for a skilled professional to join our growing team.,Relevant degree and skills required,Hyderabad,994706,0
Earn ₹5000 Daily,Scam Ltd,Earn high income with minimal effort. Limited seats available.,No experience needed,Remote,850094,1
UI/UX Designer,HCL,Looking for a skilled professional to join our growing team.,Relevant degree and skills required,Bangalore,695141,0
Online Form Filling,Scam Ltd,Earn high income with minimal effort. Limited seats available.,No experience needed,Remote,1909777,1
Work From Home Typing,Unknown Pvt Ltd,Earn high income with minimal effort. Limited seats available.,No experience needed,Remote,1355906,1
System Administrator,Infosys,Looking for a skilled professional to join our growing team.,Relevant degree and skills required,Pune,402656,0
Online Form Filling,NoCompany,Earn high income with minimal effort. Limited seats available.,No experience needed,Remote,1153741,1
DevOps Engineer,Infosys,Looking for a skilled professional to join our growing team.,Relevant degree and skills required,Chennai,848726,0
DevOps Engineer,Accenture,Looking for a skilled professional to join our growing team.,Relevant degree and skills required,Chennai,373842,0
Easy Money Job,Unknown Pvt Ltd,Earn high income with minimal effort. Limited seats available.,No experience needed,Remote,1498454,1
Software Engineer,Accenture,Looking for a skilled professional to join our growing team.,Relevant degree and skills required,Mumbai,539707,0
Part Time Data Entry,Unknown Pvt Ltd,Earn high income with minimal effort. Limited seats available.,No experience needed,Remote,1548920,1
Backend Developer,Accenture,Looking for a skilled professional to join our growing team.,Relevant degree and skills required,Delhi,859630,0
Part Time Data Entry,NoCompany,Earn high income with minimal effort. Limited seats available.,No experience needed,Remote,1149746,1
Online Form Filling,FakeCorp,Earn high income with minimal effort. Limited seats available.,No experience needed,Remote,1842820,1
Backend Developer,HCL,Looking for a skilled professional to join our growing team.,Relevant degree and skills required,Mumbai,432471,0
Online Form Filling,Scam Ltd,Earn high income with minimal effort. Limited seats available.,No experience needed,Remote,641585,1
Work From Home Typing,FakeCorp,Earn high income with minimal effort. Limited seats available.,No experience needed,Remote,1788080,1
Data Scientist,HCL,Looking for a skilled professional to join our growing team.,Relevant degree and skills required,Chennai,596992,0
Software Engineer,HCL,Looking for a skilled professional to join our growing team.,Relevant degree and skills required,Hyderabad,552364,0
Frontend Developer,Infosys,Looking for a skilled professional to join our growing team.,Relevant degree and skills required,Delhi,619418,0
Online Form Filling,Unknown Pvt Ltd,Earn high income with minimal effort. Limited seats available.,No experience needed,Remote,876404,1
Part Time Data Entry,Unknown Pvt Ltd,Earn high income with minimal effort. Limited seats available.,No experience needed,Remote,1031162,1
Easy Money Job,Scam Ltd,Earn high income with minimal effort. Limited seats available.,No experience needed,Remote,1579177,1
Data Scientist,HCL,Looking for a skilled professional to join our growing team.,Relevant degree and skills required,Hyderabad,440441,0
Cybersecurity Analyst,Capgemini,Looking for a skilled professional to join our growing team.,Relevant degree and skills required,Pune,864295,0
System Administrator,Infosys,Looking for a skilled professional to join our growing team.,Relevant degree and skills required,Hyderabad,1144361,0
Cybersecurity Analyst,Tech Mahindra,Looking for a skilled professional to join our growing team.,Relevant degree and skills required,Mumbai,1044456,0
Software Engineer,Wipro,Looking for a skilled professional to join our growing team.,Relevant degree and skills required,Chennai,646865,0
UI/UX Designer,Infosys,Looking for a skilled professional to join our growing team.,Relevant degree and skills required,Delhi,428611,0
Cybersecurity Analyst,Wipro,Looking for a skilled professional to join our growing team.,Relevant degree and skills required,Hyderabad,916912,0
System Administrator,Accenture,Looking for a skilled professional to join our growing team.,Relevant degree and skills required,Mumbai,690528,0
Software Engineer,Tech Mahindra,Looking for a skilled professional to join our growing team.,Relevant degree and skills required,Chennai,544288,0
Easy Money Job,Unknown Pvt Ltd,Earn high income with minimal effort. Limited seats available.,No experience needed,Remote,677771,1
Online Form Filling,NoCompany,Earn high income with minimal effort. Limited seats available.,No experience needed,Remote,1855799,1
Part Time Data Entry,FakeCorp,Earn high income with minimal effort. Limited seats available.,No experience needed,Remote,1049945,1
UI/UX Designer,Infosys,Looking for a skilled professional to join our growing team.,Relevant degree and skills required,Pune,728424,0
Work From Home Typing,FakeCorp,Earn high income with minimal effort. Limited seats available.,No experience needed,Remote,841578,1
Work From Home Typing,FakeCorp,Earn high income with minimal effort. Limited seats available.,No experience needed,Remote,1541561,1
UI/UX Designer,Wipro,Looking for a skilled professional to join our growing team.,Relevant degree and skills required,Pune,667431,0
Cybersecurity Analyst,HCL,Looking for a skilled professional to join our growing team.,Relevant degree and skills required,Delhi,502422,0
Work From Home Typing,Scam Ltd,Earn high income with minimal effort. Limited seats available.,No experience needed,Remote,1514860,1
System Administrator,Capgemini,Looking for a skilled professional to join our growing team.,Relevant degree and skills required,Pune,1032535,0
Frontend Developer,Capgemini,Looking for a skilled professional to join our growing team.,Relevant degree and skills required,Hyderabad,1090562,0
Work From Home Typing,FakeCorp,Earn high income with minimal effort. Limited seats available.,No experience needed,Remote,801807,1
Data Scientist,Wipro,Looking for a skilled professional to join our growing team.,Relevant degree and skills required,Chennai,712179,0
DevOps Engineer,Accenture,Looking for a skilled professional to join our growing team.,Relevant degree and skills required,Mumbai,881270,0
Software Engineer,TCS,Looking for a skilled professional to join our growing team.,Relevant degree and skills required,Hyderabad,1158527,0
Work From Home Typing,NoCompany,Earn high income with minimal effort. Limited seats available.,No experience needed,Remote,1723931,1
UI/UX Designer,Tech Mahindra,Looking for a skilled professional to join our growing team.,Relevant degree and skills required,Hyderabad,678871,0
Work From Home Typing,NoCompany,Earn high income with minimal effort. Limited seats available.,No experience needed,Remote,902866,1
UI/UX Designer,Capgemini,Looking for a skilled professional to join our growing team.,Relevant degree and skills required,Bangalore,495247,0
No Skill Job,Scam Ltd,Earn high income with minimal effort. Limited seats available.,No experience needed,Remote,1991110,1
Cybersecurity Analyst,HCL,Looking for a skilled professional to join our growing team.,Relevant degree and skills required,Hyderabad,331429,0
Software Engineer,Infosys,Looking for a skilled professional to join our growing team.,Relevant degree and skills required,Hyderabad,554536,0
No Skill Job,FakeCorp,Earn high income with minimal effort. Limited seats available.,No experience needed,Remote,1305185,1
Work From Home Typing,NoCompany,Earn high income with minimal effort. Limited seats available.,No experience needed,Remote,1420549,1
No Skill Job,NoCompany,Earn high income with minimal effort. Limited seats available.,No experience needed,Remote,1916200,1
Data Scientist,Tech Mahindra,Looking for a skilled professional to join our growing team.,Relevant degree and skills required,Pune,301216,0
Earn ₹5000 Daily,FakeCorp,Earn high income with minimal effort. Limited seats available.,No experience needed,Remote,1204523,1
Frontend Developer,Infosys,Looking for a skilled professional to join our growing team.,Relevant degree and skills required,Hyderabad,1013458,0
Easy Money Job,Unknown Pvt Ltd,Earn high income with minimal effort. Limited seats available.,No experience needed,Remote,807365,1
Frontend Developer,Capgemini,Looking for a skilled professional to join our growing team.,Relevant degree and skills required,Mumbai,1162187,0
Part Time Data Entry,Scam Ltd,Earn high income with minimal effort. Limited seats available.,No experience needed,Remote,1760421,1
Earn ₹5000 Daily,Scam Ltd,Earn high income with minimal effort. Limited seats available.,No experience needed,Remote,880982,1
Backend Developer,Capgemini,Looking for a skilled professional to join our growing team.,Relevant degree and skills required,Mumbai,1140386,0
Earn ₹5000 Daily,FakeCorp,Earn high income with minimal effort. Limited seats available.,No experience needed,Remote,1269202,1
Work From Home Typing,Unknown Pvt Ltd,Earn high income with minimal effort. Limited seats available.,No experience needed,Remote,975261,1
Part Time Data Entry,NoCompany,Earn high income with minimal effort. Limited seats available.,No experience needed,Remote,723830,1
UI/UX Designer,Infosys,Looking for a skilled professional to join our growing team.,Relevant degree and skills required,Chennai,664047,0
Earn ₹5000 Daily,Unknown Pvt Ltd,Earn high income with minimal effort. Limited seats available.,No experience needed,Remote,1163600,1
Online Form Filling,NoCompany,Earn high income with minimal effort. Limited seats available.,No experience needed,Remote,1632854,1
No Skill Job,NoCompany,Earn high income with minimal effort. Limited seats available.,No experience needed,Remote,693928,1
Cybersecurity Analyst,HCL,Looking for a skilled professional to join our growing team.,Relevant degree and skills required,Bangalore,873587,0
Earn ₹5000 Daily,Unknown Pvt Ltd,Earn high income with minimal effort. Limited seats available.,No experience needed,Remote,1148250,1
Earn ₹5000 Daily,Scam Ltd,Earn high income with minimal effort. Limited seats available.,No experience needed,Remote,1652178,1
Easy Money Job,Unknown Pvt Ltd,Earn high income with minimal effort. Limited seats available.,No experience needed,Remote,774082,1
Frontend Developer,TCS,Looking for a skilled professional to join our growing team.,Relevant degree and skills required,Hyderabad,993240,0
Work From Home Typing,NoCompany,Earn high income with minimal effort. Limited seats available.,No experience needed,Remote,825987,1
System Administrator,HCL,Looking for a skilled professional to join our growing team.,Relevant degree and skills required,Chennai,855231,0
System Administrator,Capgemini,Looking for a skilled professional to join our growing team.,Relevant degree and skills required,Pune,987746,0
Online Form Filling,NoCompany,Earn high income with minimal effort. Limited seats available.,No experience needed,Remote,1395472,1
Part Time Data Entry,Unknown Pvt Ltd,Earn high income with minimal effort. Limited seats available.,No experience needed,Remote,1019577,1
Data Scientist,Infosys,Looking for a skilled professional to join our growing team.,Relevant degree and skills required,Pune,320426,0
UI/UX Designer,Tech Mahindra,Looking for a skilled professional to join our growing team.,Relevant degree and skills required,Hyderabad,321631,0
System Administrator,Infosys,Looking for a skilled professional to join our growing team.,Relevant degree and skills required,Hyderabad,1155533,0
Part Time Data Entry,NoCompany,Earn high income with minimal effort. Limited seats available.,No experience needed,Remote,730176,1
Backend Developer,Tech Mahindra,Looking for a skilled professional to join our growing team.,Relevant degree and skills required,Chennai,467430,0
Part Time Data Entry,Unknown Pvt Ltd,Earn high income with minimal effort. Limited seats available.,No experience needed,Remote,1209708,1
No Skill Job,NoCompany,Earn high income with minimal effort. Limited seats available.,No experience needed,Remote,1350044,1
Backend Developer,Wipro,Looking for a skilled professional to join our growing team.,Relevant degree and skills required,Pune,359082,0
Earn ₹5000 Daily,FakeCorp,Earn high income with minimal effort. Limited seats available.,No experience needed,Remote,1729559,1
UI/UX Designer,Infosys,Looking for a skilled professional to join our growing team.,Relevant degree and skills required,Hyderabad,1129184,0
Earn ₹5000 Daily,Scam Ltd,Earn high income with minimal effort. Limited seats available.,No experience needed,Remote,1621526,1
Data Scientist,TCS,Looking for a skilled professional to join our growing team.,Relevant degree and skills required,Hyderabad,386034,0
Work From Home Typing,FakeCorp,Earn high income with minimal effort. Limited seats available.,No experience needed,Remote,997759,1
System Administrator,Infosys,Looking for a skilled professional to join our growing team.,Relevant degree and skills required,Chennai,1084951,0
Software Engineer,Wipro,Looking for a skilled professional to join our growing team.,Relevant degree and skills required,Bangalore,1150852,0
Software Engineer,HCL,Looking for a skilled professional to join our growing team.,Relevant degree and skills required,Delhi,926634,0
UI/UX Designer,HCL,Looking for a skilled professional to join our growing team.,Relevant degree and skills required,Mumbai,615646,0
DevOps Engineer,Capgemini,Looking for a skilled professional to join our growing team.,Relevant degree and skills required,Delhi,832025,0
Part Time Data Entry,Unknown Pvt Ltd,Earn high income with minimal effort. Limited seats available.,No experience needed,Remote,1181232,1
Cybersecurity Analyst,Tech Mahindra,Looking for a skilled professional to join our growing team.,Relevant degree and skills required,Delhi,579232,0
Online Form Filling,Unknown Pvt Ltd,Earn high income with minimal effort. Limited seats available.,No experience needed,Remote,1904880,1
Online Form Filling,Scam Ltd,Earn high income with minimal effort. Limited seats available.,No experience needed,Remote,1399149,1
Backend Developer,Tech Mahindra,Looking for a skilled professional to join our growing team.,Relevant degree and skills required,Delhi,528683,0
Cybersecurity Analyst,Wipro,Looking for a skilled professional to join our growing team.,Relevant degree and skills required,Mumbai,1114160,0
Online Form Filling,Unknown Pvt Ltd,Earn high income with minimal effort. Limited seats available.,No experience needed,Remote,1780726,1
UI/UX Designer,Accenture,Looking for a skilled professional to join our growing team.,Relevant degree and skills required,Bangalore,853962,0
Online Form Filling,Scam Ltd,Earn high income with minimal effort. Limited seats available.,No experience needed,Remote,876785,1
Easy Money Job,FakeCorp,Earn high income with minimal effort. Limited seats available.,No experience needed,Remote,905108,1
Earn ₹5000 Daily,NoCompany,Earn high income with minimal effort. Limited seats available.,No experience needed,Remote,1612055,1
Work From Home Typing,Unknown Pvt Ltd,Earn high income with minimal effort. Limited seats available.,No experience needed,Remote,1882736,1
System Administrator,Tech Mahindra,Looking for a skilled professional to join our growing team.,Relevant degree and skills required,Bangalore,690384,0
Work From Home Typing,NoCompany,Earn high income with minimal effort. Limited seats available.,No experience needed,Remote,1971920,1
Backend Developer,Tech Mahindra,Looking for a skilled professional to join our growing team.,Relevant degree and skills required,Delhi,618519,0
Software Engineer,Wipro,Looking for a skilled professional to join our growing team.,Relevant degree and skills required,Chennai,401463,0
Data Scientist,HCL,Looking for a skilled professional to join our growing team.,Relevant degree and skills required,Chennai,493882,0
Part Time Data Entry,Scam Ltd,Earn high income with minimal effort. Limited seats available.,No experience needed,Remote,880850,1
No Skill Job,NoCompany,Earn high income with minimal effort. Limited seats available.,No experience needed,Remote,987200,1
Work From Home Typing,NoCompany,Earn high income with minimal effort. Limited seats available.,No experience needed,Remote,1636366,1
Data Scientist,Accenture,Looking for a skilled professional to join our growing team.,Relevant degree and skills required,Pune,302079,0
Easy Money Job,Scam Ltd,Earn high income with minimal effort. Limited seats available.,No experience needed,Remote,698392,1
No Skill Job,Unknown Pvt Ltd,Earn high income with minimal effort. Limited seats available.,No experience needed,Remote,1390742,1
Easy Money Job,Scam Ltd,Earn high income with minimal effort. Limited seats available.,No experience needed,Remote,1450187,1
Online Form Filling,NoCompany,Earn high income with minimal effort. Limited seats available.,No experience needed,Remote,1023861,1
DevOps Engineer,Accenture,Looking for a skilled professional to join our growing team.,Relevant degree and skills required,Delhi,300993,0
Online Form Filling,Scam Ltd,Earn high income with minimal effort. Limited seats available.,No experience needed,Remote,1704216,1
System Administrator,HCL,Looking for a skilled professional to join our growing team.,Relevant degree and skills required,Hyderabad,811584,0
DevOps Engineer,TCS,Looking for a skilled professional to join our growing team.,Relevant degree and skills required,Delhi,400631,0
Work From Home Typing,Unknown Pvt Ltd,Earn high income with minimal effort. Limited seats available.,No experience needed,Remote,992037,1
Data Scientist,HCL,Looking for a skilled professional to join our growing team.,Relevant degree and skills required,Mumbai,353083,0
Online Form Filling,FakeCorp,Earn high income with minimal effort. Limited seats available.,No experience needed,Remote,1455894,1
Frontend Developer,Infosys,Looking for a skilled professional to join our growing team.,Relevant degree and skills required,Bangalore,354014,0
Cybersecurity Analyst,TCS,Looking for a skilled professional to join our growing team.,Relevant degree and skills required,Hyderabad,358575,0
DevOps Engineer,Accenture,Looking for a skilled professional to join our growing team.,Relevant degree and skills required,Chennai,622409,0
Easy Money Job,NoCompany,Earn high income with minimal effort. Limited seats available.,No experience needed,Remote,1905441,1
Cybersecurity Analyst,Tech Mahindra,Looking for a skilled professional to join our growing team.,Relevant degree and skills required,Bangalore,989501,0
UI/UX Designer,Capgemini,Looking for a skilled professional to join our growing team.,Relevant degree and skills required,Delhi,969474,0
Data Scientist,HCL,Looking for a skilled professional to join our growing team.,Relevant degree and skills required,Mumbai,1000982,0
Earn ₹5000 Daily,NoCompany,Earn high income with minimal effort. Limited seats available.,No experience needed,Remote,1149892,1
Frontend Developer,Wipro,Looking for a skilled professional to join our growing team.,Relevant degree and skills required,Chennai,1195394,0
Work From Home Typing,NoCompany,Earn high income with minimal effort. Limited seats available.,No experience needed,Remote,1129127,1
No Skill Job,NoCompany,Earn high income with minimal effort. Limited seats available.,No experience needed,Remote,992871,1
Cybersecurity Analyst,Accenture,Looking for a skilled professional to join our growing team.,Relevant degree and skills required,Pune,930513,0
Work From Home Typing,NoCompany,Earn high income with minimal effort. Limited seats available.,No experience needed,Remote,658427,1
DevOps Engineer,HCL,Looking for a skilled professional to join our growing team.,Relevant degree and skills required,Hyderabad,916125,0
Cybersecurity Analyst,Capgemini,Looking for a skilled professional to join our growing team.,Relevant degree and skills required,Delhi,1064095,0
Frontend Developer,Wipro,Looking for a skilled professional to join our growing team.,Relevant degree and skills required,Hyderabad,996638,0
No Skill Job,Scam Ltd,Earn high income with minimal effort. Limited seats available.,No experience needed,Remote,977797,1
Cybersecurity Analyst,Wipro,Looking for a skilled professional to join our growing team.,Relevant degree and skills required,Mumbai,999461,0
Software Engineer,Infosys,Looking for a skilled professional to join our growing team.,Relevant degree and skills required,Bangalore,1188596,0
System Administrator,Tech Mahindra,Looking for a skilled professional to join our growing team.,Relevant degree and skills required,Chennai,755147,0
DevOps Engineer,Accenture,Looking for a skilled professional to join our growing team.,Relevant degree and skills required,Chennai,604130,0
UI/UX Designer,Wipro,Looking for a skilled professional to join our growing team.,Relevant degree and skills required,Chennai,1151921,0
UI/UX Designer,Infosys,Looking for a skilled professional to join our growing team.,Relevant degree and skills required,Mumbai,657483,0
No Skill Job,NoCompany,Earn high income with minimal effort. Limited seats available.,No experience needed,Remote,1150222,1
Part Time Data Entry,FakeCorp,Earn high income with minimal effort. Limited seats available.,No experience needed,Remote,1918893,1
Frontend Developer,Accenture,Looking for a skilled professional to join our growing team.,Relevant degree and skills required,Delhi,314792,0
Data Scientist,Wipro,Looking for a skilled professional to join our growing team.,Relevant degree and skills required,Bangalore,1132748,0
UI/UX Designer,Infosys,Looking for a skilled professional to join our growing team.,Relevant degree and skills required,Hyderabad,1066355,0
System Administrator,Capgemini,Looking for a skilled professional to join our growing team.,Relevant degree and skills required,Bangalore,1099050,0
Data Scientist,HCL,Looking for a skilled professional to join our growing team.,Relevant degree and skills required,Delhi,604375,0
No Skill Job,FakeCorp,Earn high income with minimal effort. Limited seats available.,No experience needed,Remote,1597331,1
Online Form Filling,FakeCorp,Earn high income with minimal effort. Limited seats available.,No experience needed,Remote,612084,1
Backend Developer,Tech Mahindra,Looking for a skilled professional to join our growing team.,Relevant degree and skills required,Mumbai,448863,0
No Skill Job,FakeCorp,Earn high income with minimal effort. Limited seats available.,No experience needed,Remote,1555607,1
DevOps Engineer,Capgemini,Looking for a skilled professional to join our growing team.,Relevant degree and skills required,Pune,331683,0
Cybersecurity Analyst,Infosys,Looking for a skilled professional to join our growing team.,Relevant degree and skills required,Pune,318295,0
Earn ₹5000 Daily,FakeCorp,Earn high income with minimal effort. Limited seats available.,No experience needed,Remote,1555852,1
Easy Money Job,Scam Ltd,Earn high income with minimal effort. Limited seats available.,No experience needed,Remote,1820330,1
Software Engineer,Capgemini,Looking for a skilled professional to join our growing team.,Relevant degree and skills required,Bangalore,816199,0
Frontend Developer,Capgemini,Looking for a skilled professional to join our growing team.,Relevant degree and skills required,Bangalore,529019,0
Backend Developer,TCS,Looking for a skilled professional to join our growing team.,Relevant degree and skills required,Chennai,809083,0
Online Form Filling,NoCompany,Earn high income with minimal effort. Limited seats available.,No experience needed,Remote,1833685,1
Online Form Filling,FakeCorp,Earn high income with minimal effort. Limited seats available.,No experience needed,Remote,848839,1
Work From Home Typing,NoCompany,Earn high income with minimal effort. Limited seats available.,No experience needed,Remote,1809629,1
UI/UX Designer,Tech Mahindra,Looking for a skilled professional to join our growing team.,Relevant degree and skills required,Chennai,1074246,0
Online Form Filling,Unknown Pvt Ltd,Earn high income with minimal effort. Limited seats available.,No experience needed,Remote,610778,1
DevOps Engineer,Wipro,Looking for a skilled professional to join our growing team.,Relevant degree and skills required,Hyderabad,593394,0
Earn ₹5000 Daily,FakeCorp,Earn high income with minimal effort. Limited seats available.,No experience needed,Remote,783607,1
Data Scientist,Infosys,Looking for a skilled professional to join our growing team.,Relevant degree and skills required,Chennai,1107852,0
No Skill Job,NoCompany,Earn high income with minimal effort. Limited seats available.,No experience needed,Remote,1856015,1
Easy Money Job,Scam Ltd,Earn high income with minimal effort. Limited seats available.,No experience needed,Remote,1496624,1
Earn ₹5000 Daily,NoCompany,Earn high income with minimal effort. Limited seats available.,No experience needed,Remote,923958,1
DevOps Engineer,Tech Mahindra,Looking for a skilled professional to join our growing team.,Relevant degree and skills required,Delhi,883659,0
System Administrator,Tech Mahindra,Looking for a skilled professional to join our growing team.,Relevant degree and skills required,Hyderabad,1038603,0
Frontend Developer,Capgemini,Looking for a skilled professional to join our growing team.,Relevant degree and skills required,Chennai,493885,0
System Administrator,Infosys,Looking for a skilled professional to join our growing team.,Relevant degree and skills required,Bangalore,617249,0
Cybersecurity Analyst,Tech Mahindra,Looking for a skilled professional to join our growing team.,Relevant degree and skills required,Hyderabad,1095126,0
Backend Developer,Wipro,Looking for a skilled professional to join our growing team.,Relevant degree and skills required,Mumbai,716283,0
UI/UX Designer,Accenture,Looking for a skilled professional to join our growing team.,Relevant degree and skills required,Chennai,347404,0
Backend Developer,HCL,Looking for a skilled professional to join our growing team.,Relevant degree and skills required,Chennai,748015,0
Data Scientist,HCL,Looking for a skilled professional to join our growing team.,Relevant degree and skills required,Bangalore,588009,0
Easy Money Job,FakeCorp,Earn high income with minimal effort. Limited seats available.,No experience needed,Remote,901465,1
DevOps Engineer,Tech Mahindra,Looking for a skilled professional to join our growing team.,Relevant degree and skills required,Pune,452326,0
Easy Money Job,FakeCorp,Earn high income with minimal effort. Limited seats available.,No experience needed,Remote,1982716,1
Frontend Developer,Capgemini,Looking for a skilled professional to join our growing team.,Relevant degree and skills required,Hyderabad,400081,0
DevOps Engineer,Tech Mahindra,Looking for a skilled professional to join our growing team.,Relevant degree and skills required,Delhi,1024325,0
No Skill Job,NoCompany,Earn high income with minimal effort. Limited seats available.,No experience needed,Remote,980532,1
Earn ₹5000 Daily,NoCompany,Earn high income with minimal effort. Limited seats available.,No experience needed,Remote,682144,1
Easy Money Job,Unknown Pvt Ltd,Earn high income with minimal effort. Limited seats available.,No experience needed,Remote,771889,1
Software Engineer,Infosys,Looking for a skilled professional to join our growing team.,Relevant degree and skills required,Chennai,1199361,0
Easy Money Job,Scam Ltd,Earn high income with minimal effort. Limited seats available.,No experience needed,Remote,1332559,1
Backend Developer,Capgemini,Looking for a skilled professional to join our growing team.,Relevant degree and skills required,Pune,1186956,0
Part Time Data Entry,Scam Ltd,Earn high income with minimal effort. Limited seats available.,No experience needed,Remote,1389479,1
Earn ₹5000 Daily,NoCompany,Earn high income with minimal effort. Limited seats available.,No experience needed,Remote,1543048,1
Earn ₹5000 Daily,FakeCorp,Earn high income with minimal effort. Limited seats available.,No experience needed,Remote,1151787,1
System Administrator,HCL,Looking for a skilled professional to join our growing team.,Relevant degree and skills required,Hyderabad,341207,0
Cybersecurity Analyst,Accenture,Looking for a skilled professional to join our growing team.,Relevant degree and skills required,Pune,560055,0
Earn ₹5000 Daily,NoCompany,Earn high income with minimal effort. Limited seats available.,No experience needed,Remote,1441019,1
Easy Money Job,Scam Ltd,Earn high income with minimal effort. Limited seats available.,No experience needed,Remote,1897335,1
Part Time Data Entry,NoCompany,Earn high income with minimal effort. Limited seats available.,No experience needed,Remote,821556,1
UI/UX Designer,Capgemini,Looking for a skilled professional to join our growing team.,Relevant degree and skills required,Chennai,973633,0
DevOps Engineer,Capgemini,Looking for a skilled professional to join our growing team.,Relevant degree and skills required,Mumbai,1093837,0
Data Scientist,Capgemini,Looking for a skilled professional to join our growing team.,Relevant degree and skills required,Delhi,1102787,0
Software Engineer,Accenture,Looking for a skilled professional to join our growing team.,Relevant degree and skills required,Chennai,870361,0
No Skill Job,NoCompany,Earn high income with minimal effort. Limited seats available.,No experience needed,Remote,1440438,1
Work From Home Typing,NoCompany,Earn high income with minimal effort. Limited seats available.,No experience needed,Remote,1317970,1
Online Form Filling,Unknown Pvt Ltd,Earn high income with minimal effort. Limited seats available.,No experience needed,Remote,934295,1
Frontend Developer,Wipro,Looking for a skilled professional to join our growing team.,Relevant degree and skills required,Chennai,898205,0
Online Form Filling,NoCompany,Earn high income with minimal effort. Limited seats available.,No experience needed,Remote,1160563,1
Earn ₹5000 Daily,NoCompany,Earn high income with minimal effort. Limited seats available.,No experience needed,Remote,887971,1
No Skill Job,NoCompany,Earn high income with minimal effort. Limited seats available.,No experience needed,Remote,1603574,1
Cybersecurity Analyst,TCS,Looking for a skilled professional to join our growing team.,Relevant degree and skills required,Delhi,767801,0
Online Form Filling,FakeCorp,Earn high income with minimal effort. Limited seats available.,No experience needed,Remote,790797,1
Part Time Data Entry,Scam Ltd,Earn high income with minimal effort. Limited seats available.,No experience needed,Remote,767107,1
DevOps Engineer,HCL,Looking for a skilled professional to join our growing team.,Relevant degree and skills required,Mumbai,529965,0
Online Form Filling,Scam Ltd,Earn high income with minimal effort. Limited seats available.,No experience needed,Remote,1861538,1
No Skill Job,Unknown Pvt Ltd,Earn high income with minimal effort. Limited seats available.,No experience needed,Remote,1028531,1
Frontend Developer,Wipro,Looking for a skilled professional to join our growing team.,Relevant degree and skills required,Pune,859781,0
Earn ₹5000 Daily,Scam Ltd,Earn high income with minimal effort. Limited seats available.,No experience needed,Remote,1527860,1
Cybersecurity Analyst,Accenture,Looking for a skilled professional to join our growing team.,Relevant degree and skills required,Bangalore,649394,0
UI/UX Designer,Infosys,Looking for a skilled professional to join our growing team.,Relevant degree and skills required,Chennai,561583,0
Online Form Filling,Unknown Pvt Ltd,Earn high income with minimal effort. Limited seats available.,No experience needed,Remote,1913936,1
Part Time Data Entry,Unknown Pvt Ltd,Earn high income with minimal effort. Limited seats available.,No experience needed,Remote,730977,1
No Skill Job,Scam Ltd,Earn high income with minimal effort. Limited seats available.,No experience needed,Remote,1048628,1
No Skill Job,NoCompany,Earn high income with minimal effort. Limited seats available.,No experience needed,Remote,1787702,1
Online Form Filling,FakeCorp,Earn high income with minimal effort. Limited seats available.,No experience needed,Remote,1982046,1
Frontend Developer,Infosys,Looking for a skilled professional to join our growing team.,Relevant degree and skills required,Chennai,1148699,0
Earn ₹5000 Daily,Scam Ltd,Earn high income with minimal effort. Limited seats available.,No experience needed,Remote,748586,1
Part Time Data Entry,Scam Ltd,Earn high income with minimal effort. Limited seats available.,No experience needed,Remote,965156,1
No Skill Job,Scam Ltd,Earn high income with minimal effort. Limited seats available.,No experience needed,Remote,1876655,1
Software Engineer,Wipro,Looking for a skilled professional to join our growing team.,Relevant degree and skills required,Hyderabad,325955,0
Cybersecurity Analyst,Capgemini,Looking for a skilled professional to join our growing team.,Relevant degree and skills required,Bangalore,768867,0
System Administrator,Capgemini,Looking for a skilled professional to join our growing team.,Relevant degree and skills required,Bangalore,410834,0
No Skill Job,Scam Ltd,Earn high income with minimal effort. Limited seats available.,No experience needed,Remote,889397,1
No Skill Job,NoCompany,Earn high income with minimal effort. Limited seats available.,No experience needed,Remote,1065991,1
DevOps Engineer,Tech Mahindra,Looking for a skilled professional to join our growing team.,Relevant degree and skills required,Hyderabad,761047,0
Data Scientist,Wipro,Looking for a skilled professional to join our growing team.,Relevant degree and skills required,Chennai,970933,0
Easy Money Job,Scam Ltd,Earn high income with minimal effort. Limited seats available.,No experience needed,Remote,710135,1
Easy Money Job,Scam Ltd,Earn high income with minimal effort. Limited seats available.,No experience needed,Remote,714153,1
Work From Home Typing,Scam Ltd,Earn high income with minimal effort. Limited seats available.,No experience needed,Remote,652389,1
UI/UX Designer,Accenture,Looking for a skilled professional to join our growing team.,Relevant degree and skills required,Mumbai,861668,0
System Administrator,Wipro,Looking for a skilled professional to join our growing team.,Relevant degree and skills required,Hyderabad,1037160,0
Part Time Data Entry,Unknown Pvt Ltd,Earn high income with minimal effort. Limited seats available.,No experience needed,Remote,1331889,1
Part Time Data Entry,NoCompany,Earn high income with minimal effort. Limited seats available.,No experience needed,Remote,1563868,1
Frontend Developer,Infosys,Looking for a skilled professional to join our growing team.,Relevant degree and skills required,Hyderabad,1109162,0
Online Form Filling,Unknown Pvt Ltd,Earn high income with minimal effort. Limited seats available.,No experience needed,Remote,1378183,1
Work From Home Typing,FakeCorp,Earn high income with minimal effort. Limited seats available.,No experience needed,Remote,1991659,1
Earn ₹5000 Daily,Scam Ltd,Earn high income with minimal effort. Limited seats available.,No experience needed,Remote,1969681,1
No Skill Job,Scam Ltd,Earn high income with minimal effort. Limited seats available.,No experience needed,Remote,1739651,1
Frontend Developer,Capgemini,Looking for a skilled professional to join our growing team.,Relevant degree and skills required,Pune,1046310,0
No Skill Job,FakeCorp,Earn high income with minimal effort. Limited seats available.,No experience needed,Remote,1055028,1
Online Form Filling,FakeCorp,Earn high income with minimal effort. Limited seats available.,No experience needed,Remote,1921931,1
Online Form Filling,NoCompany,Earn high income with minimal effort. Limited seats available.,No experience needed,Remote,993561,1
Backend Developer,Infosys,Looking for a skilled professional to join our growing team.,Relevant degree and skills required,Mumbai,547622,0
Data Scientist,Capgemini,Looking for a skilled professional to join our growing team.,Relevant degree and skills required,Bangalore,451334,0
No Skill Job,NoCompany,Earn high income with minimal effort. Limited seats available.,No experience needed,Remote,1101051,1
Frontend Developer,Wipro,Looking for a skilled professional to join our growing team.,Relevant degree and skills required,Pune,810798,0
Backend Developer,TCS,Looking for a skilled professional to join our growing team.,Relevant degree and skills required,Pune,693973,0
No Skill Job,FakeCorp,Earn high income with minimal effort. Limited seats available.,No experience needed,Remote,1972230,1
Online Form Filling,Unknown Pvt Ltd,Earn high income with minimal effort. Limited seats available.,No experience needed,Remote,1663595,1
System Administrator,Accenture,Looking for a skilled professional to join our growing team.,Relevant degree and skills required,Chennai,778071,0
Easy Money Job,Scam Ltd,Earn high income with minimal effort. Limited seats available.,No experience needed,Remote,990005,1
Part Time Data Entry,NoCompany,Earn high income with minimal effort. Limited seats available.,No experience needed,Remote,1455614,1
No Skill Job,FakeCorp,Earn high income with minimal effort. Limited seats available.,No experience needed,Remote,735426,1
Frontend Developer,TCS,Looking for a skilled professional to join our growing team.,Relevant degree and skills required,Mumbai,1020743,0
No Skill Job,FakeCorp,Earn high income with minimal effort. Limited seats available.,No experience needed,Remote,1527906,1
Backend Developer,HCL,Looking for a skilled professional to join our growing team.,Relevant degree and skills required,Bangalore,770875,0
Easy Money Job,Scam Ltd,Earn high income with minimal effort. Limited seats available.,No experience needed,Remote,1841171,1
UI/UX Designer,HCL,Looking for a skilled professional to join our growing team.,Relevant degree and skills required,Hyderabad,1072758,0
Cybersecurity Analyst,Wipro,Looking for a skilled professional to join our growing team.,Relevant degree and skills required,Mumbai,1114261,0
Backend Developer,Accenture,Looking for a skilled professional to join our growing team.,Relevant degree and skills required,Mumbai,654431,0
Data Scientist,Wipro,Looking for a skilled professional to join our growing team.,Relevant degree and skills required,Pune,519968,0
UI/UX Designer,Infosys,Looking for a skilled professional to join our growing team.,Relevant degree and skills required,Bangalore,390360,0
Work From Home Typing,Unknown Pvt Ltd,Earn high income with minimal effort. Limited seats available.,No experience needed,Remote,818971,1
Online Form Filling,NoCompany,Earn high income with minimal effort. Limited seats available.,No experience needed,Remote,676117,1
Easy Money Job,Scam Ltd,Earn high income with minimal effort. Limited seats available.,No experience needed,Remote,620460,1
Earn ₹5000 Daily,NoCompany,Earn high income with minimal effort. Limited seats available.,No experience needed,Remote,1182317,1
No Skill Job,FakeCorp,Earn high income with minimal effort. Limited seats available.,No experience needed,Remote,1635607,1
Software Engineer,TCS,Looking for a skilled professional to join our growing team.,Relevant degree and skills required,Delhi,1132238,0
No Skill Job,FakeCorp,Earn high income with minimal effort. Limited seats available.,No experience needed,Remote,1369348,1
No Skill Job,NoCompany,Earn high income with minimal effort. Limited seats available.,No experience needed,Remote,1755860,1
No Skill Job,NoCompany,Earn high income with minimal effort. Limited seats available.,No experience needed,Remote,817938,1
UI/UX Designer,HCL,Looking for a skilled professional to join our growing team.,Relevant degree and skills required,Bangalore,746399,0
Online Form Filling,NoCompany,Earn high income with minimal effort. Limited seats available.,No experience needed,Remote,1358730,1
Part Time Data Entry,Unknown Pvt Ltd,Earn high income with minimal effort. Limited seats available.,No experience needed,Remote,1219796,1
No Skill Job,Scam Ltd,Earn high income with minimal effort. Limited seats available.,No experience needed,Remote,1092166,1
Online Form Filling,Unknown Pvt Ltd,Earn high income with minimal effort. Limited seats available.,No experience needed,Remote,1353838,1
Online Form Filling,Scam Ltd,Earn high income with minimal effort. Limited seats available.,No experience needed,Remote,841386,1
DevOps Engineer,Wipro,Looking for a skilled professional to join our growing team.,Relevant degree and skills required,Bangalore,426504,0
UI/UX Designer,Wipro,Looking for a skilled professional to join our growing team.,Relevant degree and skills required,Hyderabad,755087,0
System Administrator,TCS,Looking for a skilled professional to join our growing team.,Relevant degree and skills required,Mumbai,725489,0
Cybersecurity Analyst,Tech Mahindra,Looking for a skilled professional to join our growing team.,Relevant degree and skills required,Chennai,534521,0
Data Scientist,Wipro,Looking for a skilled professional to join our growing team.,Relevant degree and skills required,Mumbai,819136,0
UI/UX Designer,Tech Mahindra,Looking for a skilled professional to join our growing team.,Relevant degree and skills required,Pune,607162,0
Data Scientist,Tech Mahindra,Looking for a skilled professional to join our growing team.,Relevant degree and skills required,Delhi,1082121,0
Work From Home Typing,FakeCorp,Earn high income with minimal effort. Limited seats available.,No experience needed,Remote,1143894,1
Work From Home Typing,Unknown Pvt Ltd,Earn high income with minimal effort. Limited seats available.,No experience needed,Remote,1559518,1
Part Time Data Entry,Unknown Pvt Ltd,Earn high income with minimal effort. Limited seats available.,No experience needed,Remote,1167314,1
UI/UX Designer,Infosys,Looking for a skilled professional to join our growing team.,Relevant degree and skills required,Delhi,577985,0
Work From Home Typing,NoCompany,Earn high income with minimal effort. Limited seats available.,No experience needed,Remote,1228294,1
Cybersecurity Analyst,Wipro,Looking for a skilled professional to join our growing team.,Relevant degree and skills required,Delhi,516260,0
Backend Developer,Accenture,Looking for a skilled professional to join our growing team.,Relevant degree and skills required,Pune,754512,0
Software Engineer,Capgemini,Looking for a skilled professional to join our growing team.,Relevant degree and skills required,Pune,367208,0
Frontend Developer,Accenture,Looking for a skilled professional to join our growing team.,Relevant degree and skills required,Chennai,546561,0
No Skill Job,Unknown Pvt Ltd,Earn high income with minimal effort. Limited seats available.,No experience needed,Remote,1023527,1
System Administrator,Accenture,Looking for a skilled professional to join our growing team.,Relevant degree and skills required,Bangalore,480306,0
DevOps Engineer,HCL,Looking for a skilled professional to join our growing team.,Relevant degree and skills required,Hyderabad,749112,0
Work From Home Typing,FakeCorp,Earn high income with minimal effort. Limited seats available.,No experience needed,Remote,660885,1
No Skill Job,Unknown Pvt Ltd,Earn high income with minimal effort. Limited seats available.,No experience needed,Remote,614274,1
Work From Home Typing,FakeCorp,Earn high income with minimal effort. Limited seats available.,No experience needed,Remote,673555,1
No Skill Job,Scam Ltd,Earn high income with minimal effort. Limited seats available.,No experience needed,Remote,788641,1
Easy Money Job,Scam Ltd,Earn high income with minimal effort. Limited seats available.,No experience needed,Remote,1432217,1
Part Time Data Entry,FakeCorp,Earn high income with minimal effort. Limited seats available.,No experience needed,Remote,1398779,1
Part Time Data Entry,NoCompany,Earn high income with minimal effort. Limited seats available.,No experience needed,Remote,1603441,1
Easy Money Job,Unknown Pvt Ltd,Earn high income with minimal effort. Limited seats available.,No experience needed,Remote,600463,1
No Skill Job,Unknown Pvt Ltd,Earn high income with minimal effort. Limited seats available.,No experience needed,Remote,1163240,1
Work From Home Typing,FakeCorp,Earn high income with minimal effort. Limited seats available.,No experience needed,Remote,1332352,1
Earn ₹5000 Daily,Scam Ltd,Earn high income with minimal effort. Limited seats available.,No experience needed,Remote,1465676,1
Earn ₹5000 Daily,Scam Ltd,Earn high income with minimal effort. Limited seats available.,No experience needed,Remote,1700908,1
Work From Home Typing,Scam Ltd,Earn high income with minimal effort. Limited seats available.,No experience needed,Remote,1235776,1
Data Scientist,HCL,Looking for a skilled professional to join our growing team.,Relevant degree and skills required,Pune,428490,0
Software Engineer,Accenture,Looking for a skilled professional to join our growing team.,Relevant degree and skills required,Chennai,879347,0
Earn ₹5000 Daily,Unknown Pvt Ltd,Earn high income with minimal effort. Limited seats available.,No experience needed,Remote,1521463,1
Backend Developer,Capgemini,Looking for a skilled professional to join our growing team.,Relevant degree and skills required,Chennai,494089,0
Data Scientist,TCS,Looking for a skilled professional to join our growing team.,Relevant degree and skills required,Chennai,647899,0
UI/UX Designer,Tech Mahindra,Looking for a skilled professional to join our growing team.,Relevant degree and skills required,Pune,627218,0
Frontend Developer,HCL,Looking for a skilled professional to join our growing team.,Relevant degree and skills required,Mumbai,868787,0
Software Engineer,TCS,Looking for a skilled professional to join our growing team.,Relevant degree and skills required,Bangalore,903528,0
Part Time Data Entry,FakeCorp,Earn high income with minimal effort. Limited seats available.,No experience needed,Remote,1286847,1
Backend Developer,HCL,Looking for a skilled professional to join our growing team.,Relevant degree and skills required,Bangalore,782327,0
Work From Home Typing,Scam Ltd,Earn high income with minimal effort. Limited seats available.,No experience needed,Remote,1713137,1
No Skill Job,NoCompany,Earn high income with minimal effort. Limited seats available.,No experience needed,Remote,842267,1
Easy Money Job,NoCompany,Earn high income with minimal effort. Limited seats available.,No experience needed,Remote,1622251,1
Part Time Data Entry,Scam Ltd,Earn high income with minimal effort. Limited seats available.,No experience needed,Remote,860147,1
Backend Developer,Accenture,Looking for a skilled professional to join our growing team.,Relevant degree and skills required,Pune,958022,0
Part Time Data Entry,NoCompany,Earn high income with minimal effort. Limited seats available.,No experience needed,Remote,1134345,1
System Administrator,Tech Mahindra,Looking for a skilled professional to join our growing team.,Relevant degree and skills required,Delhi,938101,0
Earn ₹5000 Daily,NoCompany,Earn high income with minimal effort. Limited seats available.,No experience needed,Remote,969841,1
Data Scientist,Tech Mahindra,Looking for a skilled professional to join our growing team.,Relevant degree and skills required,Hyderabad,1075112,0
System Administrator,HCL,Looking for a skilled professional to join our growing team.,Relevant degree and skills required,Chennai,647800,0
Online Form Filling,Unknown Pvt Ltd,Earn high income with minimal effort. Limited seats available.,No experience needed,Remote,821417,1
No Skill Job,FakeCorp,Earn high income with minimal effort. Limited seats available.,No experience needed,Remote,1093207,1
Online Form Filling,Scam Ltd,Earn high income with minimal effort. Limited seats available.,No experience needed,Remote,1621408,1
Software Engineer,Accenture,Looking for a skilled professional to join our growing team.,Relevant degree and skills required,Bangalore,996327,0
UI/UX Designer,Accenture,Looking for a skilled professional to join our growing team.,Relevant degree and skills required,Hyderabad,960961,0
Part Time Data Entry,Scam Ltd,Earn high income with minimal effort. Limited seats available.,No experience needed,Remote,1815033,1
UI/UX Designer,Wipro,Looking for a skilled professional to join our growing team.,Relevant degree and skills required,Bangalore,718901,0
Earn ₹5000 Daily,NoCompany,Earn high income with minimal effort. Limited seats available.,No experience needed,Remote,1372257,1
Software Engineer,Accenture,Looking for a skilled professional to join our growing team.,Relevant degree and skills required,Hyderabad,1154642,0
Part Time Data Entry,NoCompany,Earn high income with minimal effort. Limited seats available.,No experience needed,Remote,909870,1
Backend Developer,Infosys,Looking for a skilled professional to join our growing team.,Relevant degree and skills required,Pune,660907,0
Earn ₹5000 Daily,FakeCorp,Earn high income with minimal effort. Limited seats available.,No experience needed,Remote,1096480,1
Part Time Data Entry,Scam Ltd,Earn high income with minimal effort. Limited seats available.,No experience needed,Remote,1772438,1
Earn ₹5000 Daily,FakeCorp,Earn high income with minimal effort. Limited seats available.,No experience needed,Remote,917031,1
Frontend Developer,Infosys,Looking for a skilled professional to join our growing team.,Relevant degree and skills required,Mumbai,313378,0
Software Engineer,Wipro,Looking for a skilled professional to join our growing team.,Relevant degree and skills required,Mumbai,445138,0
System Administrator,Tech Mahindra,Looking for a skilled professional to join our growing team.,Relevant degree and skills required,Chennai,1029589,0
Easy Money Job,NoCompany,Earn high income with minimal effort. Limited seats available.,No experience needed,Remote,996974,1
System Administrator,Capgemini,Looking for a skilled professional to join our growing team.,Relevant degree and skills required,Pune,487419,0
Easy Money Job,Scam Ltd,Earn high income with minimal effort. Limited seats available.,No experience needed,Remote,925679,1
Earn ₹5000 Daily,Scam Ltd,Earn high income with minimal effort. Limited seats available.,No experience needed,Remote,1962622,1
Part Time Data Entry,NoCompany,Earn high income with minimal effort. Limited seats available.,No experience needed,Remote,1554237,1
Data Scientist,Wipro,Looking for a skilled professional to join our growing team.,Relevant degree and skills required,Bangalore,850273,0
UI/UX Designer,HCL,Looking for a skilled professional to join our growing team.,Relevant degree and skills required,Delhi,383308,0
Software Engineer,Tech Mahindra,Looking for a skilled professional to join our growing team.,Relevant degree and skills required,Delhi,547029,0
Easy Money Job,Unknown Pvt Ltd,Earn high income with minimal effort. Limited seats available.,No experience needed,Remote,794685,1
Work From Home Typing,NoCompany,Earn high income with minimal effort. Limited seats available.,No experience needed,Remote,1238130,1
Software Engineer,Wipro,Looking for a skilled professional to join our growing team.,Relevant degree and skills required,Delhi,619274,0
DevOps Engineer,Capgemini,Looking for a skilled professional to join our growing team.,Relevant degree and skills required,Pune,1056188,0
Cybersecurity Analyst,TCS,Looking for a skilled professional to join our growing team.,Relevant degree and skills required,Hyderabad,927940,0
Online Form Filling,NoCompany,Earn high income with minimal effort. Limited seats available.,No experience needed,Remote,783929,1
UI/UX Designer,Accenture,Looking for a skilled professional to join our growing team.,Relevant degree and skills required,Bangalore,1033033,0
DevOps Engineer,Tech Mahindra,Looking for a skilled professional to join our growing team.,Relevant degree and skills required,Mumbai,551337,0
Easy Money Job,NoCompany,Earn high income with minimal effort. Limited seats available.,No experience needed,Remote,1949420,1
Software Engineer,TCS,Looking for a skilled professional to join our growing team.,Relevant degree and skills required,Mumbai,957069,0
Easy Money Job,Scam Ltd,Earn high income with minimal effort. Limited seats available.,No experience needed,Remote,1003629,1
Online Form Filling,Unknown Pvt Ltd,Earn high income with minimal effort. Limited seats available.,No experience needed,Remote,1836543,1
Software Engineer,Infosys,Looking for a skilled professional to join our growing team.,Relevant degree and skills required,Pune,439856,0
Earn ₹5000 Daily,Unknown Pvt Ltd,Earn high income with minimal effort. Limited seats available.,No experience needed,Remote,809800,1
Cybersecurity Analyst,Wipro,Looking for a skilled professional to join our growing team.,Relevant degree and skills required,Mumbai,612573,0
DevOps Engineer,TCS,Looking for a skilled professional to join our growing team.,Relevant degree and skills required,Pune,502040,0
UI/UX Designer,Wipro,Looking for a skilled professional to join our growing team.,Relevant degree and skills required,Chennai,712233,0
No Skill Job,FakeCorp,Earn high income with minimal effort. Limited seats available.,No experience needed,Remote,1833410,1
Data Scientist,HCL,Looking for a skilled professional to join our growing team.,Relevant degree and skills required,Bangalore,400142,0
Work From Home Typing,FakeCorp,Earn high income with minimal effort. Limited seats available.,No experience needed,Remote,1174535,1
Easy Money Job,FakeCorp,Earn high income with minimal effort. Limited seats available.,No experience needed,Remote,785642,1
Backend Developer,TCS,Looking for a skilled professional to join our growing team.,Relevant degree and skills required,Pune,813533,0
No Skill Job,NoCompany,Earn high income with minimal effort. Limited seats available.,No experience needed,Remote,815573,1
UI/UX Designer,Accenture,Looking for a skilled professional to join our growing team.,Relevant degree and skills required,Bangalore,747507,0
No Skill Job,Scam Ltd,Earn high income with minimal effort. Limited seats available.,No experience needed,Remote,717434,1
Work From Home Typing,NoCompany,Earn high income with minimal effort. Limited seats available.,No experience needed,Remote,1362559,1
Easy Money Job,Unknown Pvt Ltd,Earn high income with minimal effort. Limited seats available.,No experience needed,Remote,1861626,1
Part Time Data Entry,Scam Ltd,Earn high income with minimal effort. Limited seats available.,No experience needed,Remote,1295671,1
No Skill Job,NoCompany,Earn high income with minimal effort. Limited seats available.,No experience needed,Remote,1512331,1
Part Time Data Entry,Unknown Pvt Ltd,Earn high income with minimal effort. Limited seats available.,No experience needed,Remote,828750,1
Online Form Filling,NoCompany,Earn high income with minimal effort. Limited seats available.,No experience needed,Remote,1979256,1
Software Engineer,Capgemini,Looking for a skilled professional to join our growing team.,Relevant degree and skills required,Delhi,877330,0
Easy Money Job,NoCompany,Earn high income with minimal effort. Limited seats available.,No experience needed,Remote,1432993,1
Part Time Data Entry,NoCompany,Earn high income with minimal effort. Limited seats available.,No experience needed,Remote,1461534,1
Backend Developer,HCL,Looking for a skilled professional to join our growing team.,Relevant degree and skills required,Mumbai,1010131,0
No Skill Job,Scam Ltd,Earn high income with minimal effort. Limited seats available.,No experience needed,Remote,949484,1
Earn ₹5000 Daily,FakeCorp,Earn high income with minimal effort. Limited seats available.,No experience needed,Remote,1369274,1
Data Scientist,Capgemini,Looking for a skilled professional to join our growing team.,Relevant degree and skills required,Mumbai,916253,0
System Administrator,Capgemini,Looking for a skilled professional to join our growing team.,Relevant degree and skills required,Bangalore,374966,0
System Administrator,Tech Mahindra,Looking for a skilled professional to join our growing team.,Relevant degree and skills required,Delhi,336910,0
Cybersecurity Analyst,TCS,Looking for a skilled professional to join our growing team.,Relevant degree and skills required,Mumbai,706606,0
UI/UX Designer,HCL,Looking for a skilled professional to join our growing team.,Relevant degree and skills required,Mumbai,313034,0
Backend Developer,Accenture,Looking for a skilled professional to join our growing team.,Relevant degree and skills required,Delhi,611975,0
Easy Money Job,Scam Ltd,Earn high income with minimal effort. Limited seats available.,No experience needed,Remote,829109,1
Part Time Data Entry,Scam Ltd,Earn high income with minimal effort. Limited seats available.,No experience needed,Remote,1377941,1
Easy Money Job,FakeCorp,Earn high income with minimal effort. Limited seats available.,No experience needed,Remote,1194772,1
Cybersecurity Analyst,Accenture,Looking for a skilled professional to join our growing team.,Relevant degree and skills required,Delhi,346128,0
Easy Money Job,Unknown Pvt Ltd,Earn high income with minimal effort. Limited seats available.,No experience needed,Remote,761068,1
Part Time Data Entry,Scam Ltd,Earn high income with minimal effort. Limited seats available.,No experience needed,Remote,1771454,1
UI/UX Designer,Capgemini,Looking for a skilled professional to join our growing team.,Relevant degree and skills required,Delhi,512030,0
Frontend Developer,Infosys,Looking for a skilled professional to join our growing team.,Relevant degree and skills required,Mumbai,657334,0
Backend Developer,Infosys,Looking for a skilled professional to join our growing team.,Relevant degree and skills required,Bangalore,478107,0
Part Time Data Entry,FakeCorp,Earn high income with minimal effort. Limited seats available.,No experience needed,Remote,1163288,1
Cybersecurity Analyst,Accenture,Looking for a skilled professional to join our growing team.,Relevant degree and skills required,Mumbai,536206,0
Backend Developer,Capgemini,Looking for a skilled professional to join our growing team.,Relevant degree and skills required,Delhi,877170,0
Part Time Data Entry,FakeCorp,Earn high income with minimal effort. Limited seats available.,No experience needed,Remote,656569,1
Easy Money Job,NoCompany,Earn high income with minimal effort. Limited seats available.,No experience needed,Remote,1705140,1
Part Time Data Entry,NoCompany,Earn high income with minimal effort. Limited seats available.,No experience needed,Remote,979946,1
Part Time Data Entry,Unknown Pvt Ltd,Earn high income with minimal effort. Limited seats available.,No experience needed,Remote,855016,1
Online Form Filling,Scam Ltd,Earn high income with minimal effort. Limited seats available.,No experience needed,Remote,1485305,1
Work From Home Typing,FakeCorp,Earn high income with minimal effort. Limited seats available.,No experience needed,Remote,649084,1
Data Scientist,Wipro,Looking for a skilled professional to join our growing team.,Relevant degree and skills required,Delhi,557536,0
Data Scientist,Wipro,Looking for a skilled professional to join our growing team.,Relevant degree and skills required,Delhi,1063004,0
Software Engineer,Tech Mahindra,Looking for a skilled professional to join our growing team.,Relevant degree and skills required,Delhi,1176522,0
Easy Money Job,NoCompany,Earn high income with minimal effort. Limited seats available.,No experience needed,Remote,1594303,1
Easy Money Job,FakeCorp,Earn high income with minimal effort. Limited seats available.,No experience needed,Remote,1657731,1
Cybersecurity Analyst,Wipro,Looking for a skilled professional to join our growing team.,Relevant degree and skills required,Hyderabad,333815,0
Part Time Data Entry,Unknown Pvt Ltd,Earn high income with minimal effort. Limited seats available.,No experience needed,Remote,1481278,1
No Skill Job,FakeCorp,Earn high income with minimal effort. Limited seats available.,No experience needed,Remote,1924432,1
Data Scientist,Tech Mahindra,Looking for a skilled professional to join our growing team.,Relevant degree and skills required,Chennai,332783,0
Earn ₹5000 Daily,FakeCorp,Earn high income with minimal effort. Limited seats available.,No experience needed,Remote,1532174,1
Part Time Data Entry,FakeCorp,Earn high income with minimal effort. Limited seats available.,No experience needed,Remote,994338,1
DevOps Engineer,TCS,Looking for a skilled professional to join our growing team.,Relevant degree and skills required,Pune,1134166,0
System Administrator,Infosys,Looking for a skilled professional to join our growing team.,Relevant degree and skills required,Delhi,878058,0
Easy Money Job,Scam Ltd,Earn high income with minimal effort. Limited seats available.,No experience needed,Remote,1350938,1
DevOps Engineer,Capgemini,Looking for a skilled professional to join our growing team.,Relevant degree and skills required,Bangalore,736004,0
Online Form Filling,Scam Ltd,Earn high income with minimal effort. Limited seats available.,No experience needed,Remote,1146932,1
Online Form Filling,Scam Ltd,Earn high income with minimal effort. Limited seats available.,No experience needed,Remote,1023018,1
Backend Developer,TCS,Looking for a skilled professional to join our growing team.,Relevant degree and skills required,Mumbai,837247,0
UI/UX Designer,HCL,Looking for a skilled professional to join our growing team.,Relevant degree and skills required,Mumbai,817403,0
UI/UX Designer,Wipro,Looking for a skilled professional to join our growing team.,Relevant degree and skills required,Pune,568638,0
Cybersecurity Analyst,Wipro,Looking for a skilled professional to join our growing team.,Relevant degree and skills required,Delhi,1088892,0
Easy Money Job,Unknown Pvt Ltd,Earn high income with minimal effort. Limited seats available.,No experience needed,Remote,1651455,1
DevOps Engineer,Infosys,Looking for a skilled professional to join our growing team.,Relevant degree and skills required,Mumbai,763373,0
Earn ₹5000 Daily,Scam Ltd,Earn high income with minimal effort. Limited seats available.,No experience needed,Remote,1454309,1
DevOps Engineer,Capgemini,Looking for a skilled professional to join our growing team.,Relevant degree and skills required,Pune,576562,0
Software Engineer,Wipro,Looking for a skilled professional to join our growing team.,Relevant degree and skills required,Chennai,449040,0
Earn ₹5000 Daily,Scam Ltd,Earn high income with minimal effort. Limited seats available.,No experience needed,Remote,1100747,1
DevOps Engineer,Capgemini,Looking for a skilled professional to join our growing team.,Relevant degree and skills required,Hyderabad,999997,0
UI/UX Designer,Accenture,Looking for a skilled professional to join our growing team.,Relevant degree and skills required,Bangalore,1126908,0
Easy Money Job,FakeCorp,Earn high income with minimal effort. Limited seats available.,No experience needed,Remote,1388796,1
Online Form Filling,Scam Ltd,Earn high income with minimal effort. Limited seats available.,No experience needed,Remote,1876707,1
Earn ₹5000 Daily,Scam Ltd,Earn high income with minimal effort. Limited seats available.,No experience needed,Remote,1347669,1
Work From Home Typing,Unknown Pvt Ltd,Earn high income with minimal effort. Limited seats available.,No experience needed,Remote,1253976,1
Frontend Developer,Accenture,Looking for a skilled professional to join our growing team.,Relevant degree and skills required,Delhi,1012402,0
Backend Developer,Infosys,Looking for a skilled professional to join our growing team.,Relevant degree and skills required,Chennai,752648,0
DevOps Engineer,HCL,Looking for a skilled professional to join our growing team.,Relevant degree and skills required,Hyderabad,1097838,0
Software Engineer,Tech Mahindra,Looking for a skilled professional to join our growing team.,Relevant degree and skills required,Bangalore,1079116,0
Software Engineer,Tech Mahindra,Looking for a skilled professional to join our growing team.,Relevant degree and skills required,Bangalore,649399,0
No Skill Job,FakeCorp,Earn high income with minimal effort. Limited seats available.,No experience needed,Remote,756107,1
Work From Home Typing,FakeCorp,Earn high income with minimal effort. Limited seats available.,No experience needed,Remote,1192279,1
System Administrator,Infosys,Looking for a skilled professional to join our growing team.,Relevant degree and skills required,Chennai,913009,0
Software Engineer,Tech Mahindra,Looking for a skilled professional to join our growing team.,Relevant degree and skills required,Mumbai,937851,0
Easy Money Job,FakeCorp,Earn high income with minimal effort. Limited seats available.,No experience needed,Remote,1200866,1
Earn ₹5000 Daily,Unknown Pvt Ltd,Earn high income with minimal effort. Limited seats available.,No experience needed,Remote,1136549,1
Backend Developer,Infosys,Looking for a skilled professional to join our growing team.,Relevant degree and skills required,Bangalore,479938,0
Work From Home Typing,Unknown Pvt Ltd,Earn high income with minimal effort. Limited seats available.,No experience needed,Remote,1689919,1
No Skill Job,NoCompany,Earn high income with minimal effort. Limited seats available.,No experience needed,Remote,1583119,1
Backend Developer,HCL,Looking for a skilled professional to join our growing team.,Relevant degree and skills required,Hyderabad,1146521,0
Software Engineer,TCS,Looking for a skilled professional to join our growing team.,Relevant degree and skills required,Mumbai,392190,0
No Skill Job,Unknown Pvt Ltd,Earn high income with minimal effort. Limited seats available.,No experience needed,Remote,1757080,1
Earn ₹5000 Daily,FakeCorp,Earn high income with minimal effort. Limited seats available.,No experience needed,Remote,1867223,1
Easy Money Job,NoCompany,Earn high income with minimal effort. Limited seats available.,No experience needed,Remote,911351,1
Part Time Data Entry,FakeCorp,Earn high income with minimal effort. Limited seats available.,No experience needed,Remote,730722,1
System Administrator,Tech Mahindra,Looking for a skilled professional to join our growing team.,Relevant degree and skills required,Bangalore,740029,0
UI/UX Designer,Wipro,Looking for a skilled professional to join our growing team.,Relevant degree and skills required,Chennai,985555,0
Backend Developer,Capgemini,Looking for a skilled professional to join our growing team.,Relevant degree and skills required,Delhi,518869,0
UI/UX Designer,Capgemini,Looking for a skilled professional to join our growing team.,Relevant degree and skills required,Pune,677829,0
Easy Money Job,Unknown Pvt Ltd,Earn high income with minimal effort. Limited seats available.,No experience needed,Remote,750276,1
UI/UX Designer,Accenture,Looking for a skilled professional to join our growing team.,Relevant degree and skills required,Chennai,1005198,0
No Skill Job,Unknown Pvt Ltd,Earn high income with minimal effort. Limited seats available.,No experience needed,Remote,1387268,1
Easy Money Job,Scam Ltd,Earn high income with minimal effort. Limited seats available.,No experience needed,Remote,674087,1
DevOps Engineer,Infosys,Looking for a skilled professional to join our growing team.,Relevant degree and skills required,Chennai,549965,0
Easy Money Job,Unknown Pvt Ltd,Earn high income with minimal effort. Limited seats available.,No experience needed,Remote,1513108,1
Frontend Developer,HCL,Looking for a skilled professional to join our growing team.,Relevant degree and skills required,Mumbai,343508,0
Frontend Developer,HCL,Looking for a skilled professional to join our growing team.,Relevant degree and skills required,Hyderabad,768582,0
Part Time Data Entry,FakeCorp,Earn high income with minimal effort. Limited seats available.,No experience needed,Remote,1599547,1
Work From Home Typing,FakeCorp,Earn high income with minimal effort. Limited seats available.,No experience needed,Remote,1480423,1
Online Form Filling,Scam Ltd,Earn high income with minimal effort. Limited seats available.,No experience needed,Remote,755991,1
Earn ₹5000 Daily,FakeCorp,Earn high income with minimal effort. Limited seats available.,No experience needed,Remote,945051,1
Earn ₹5000 Daily,Unknown Pvt Ltd,Earn high income with minimal effort. Limited seats available.,No experience needed,Remote,906004,1
DevOps Engineer,Capgemini,Looking for a skilled professional to join our growing team.,Relevant degree and skills required,Hyderabad,1084696,0
System Administrator,HCL,Looking for a skilled professional to join our growing team.,Relevant degree and skills required,Bangalore,756532,0
Backend Developer,Wipro,Looking for a skilled professional to join our growing team.,Relevant degree and skills required,Pune,1108985,0
Software Engineer,Wipro,Looking for a skilled professional to join our growing team.,Relevant degree and skills required,Hyderabad,422450,0
Work From Home Typing,Scam Ltd,Earn high income with minimal effort. Limited seats available.,No experience needed,Remote,965891,1
Work From Home Typing,Scam Ltd,Earn high income with minimal effort. Limited seats available.,No experience needed,Remote,677952,1
Software Engineer,Tech Mahindra,Looking for a skilled professional to join our growing team.,Relevant degree and skills required,Pune,311980,0
UI/UX Designer,Infosys,Looking for a skilled professional to join our growing team.,Relevant degree and skills required,Delhi,1084053,0
UI/UX Designer,HCL,Looking for a skilled professional to join our growing team.,Relevant degree and skills required,Mumbai,497993,0
Data Scientist,HCL,Looking for a skilled professional to join our growing team.,Relevant degree and skills required,Mumbai,636115,0
Cybersecurity Analyst,Capgemini,Looking for a skilled professional to join our growing team.,Relevant degree and skills required,Delhi,662126,0
System Administrator,Tech Mahindra,Looking for a skilled professional to join our growing team.,Relevant degree and skills required,Pune,459187,0
Backend Developer,Wipro,Looking for a skilled professional to join our growing team.,Relevant degree and skills required,Hyderabad,1055903,0
Easy Money Job,NoCompany,Earn high income with minimal effort. Limited seats available.,No experience needed,Remote,1646943,1
Cybersecurity Analyst,Capgemini,Looking for a skilled professional to join our growing team.,Relevant degree and skills required,Mumbai,1073080,0
Cybersecurity Analyst,HCL,Looking for a skilled professional to join our growing team.,Relevant degree and skills required,Bangalore,1128963,0
No Skill Job,NoCompany,Earn high income with minimal effort. Limited seats available.,No experience needed,Remote,830745,1
Work From Home Typing,Scam Ltd,Earn high income with minimal effort. Limited seats available.,No experience needed,Remote,1093056,1
Work From Home Typing,FakeCorp,Earn high income with minimal effort. Limited seats available.,No experience needed,Remote,1556479,1
DevOps Engineer,HCL,Looking for a skilled professional to join our growing team.,Relevant degree and skills required,Bangalore,970784,0
Earn ₹5000 Daily,Unknown Pvt Ltd,Earn high income with minimal effort. Limited seats available.,No experience needed,Remote,1431687,1
Cybersecurity Analyst,Tech Mahindra,Looking for a skilled professional to join our growing team.,Relevant degree and skills required,Bangalore,878160,0
Data Scientist,Wipro,Looking for a skilled professional to join our growing team.,Relevant degree and skills required,Bangalore,633230,0
Frontend Developer,TCS,Looking for a skilled professional to join our growing team.,Relevant degree and skills required,Delhi,1044343,0
Cybersecurity Analyst,Wipro,Looking for a skilled professional to join our growing team.,Relevant degree and skills required,Chennai,427410,0
Backend Developer,Accenture,Looking for a skilled professional to join our growing team.,Relevant degree and skills required,Chennai,943662,0
Easy Money Job,FakeCorp,Earn high income with minimal effort. Limited seats available.,No experience needed,Remote,774218,1
Online Form Filling,NoCompany,Earn high income with minimal effort. Limited seats available.,No experience needed,Remote,912800,1
Online Form Filling,Scam Ltd,Earn high income with minimal effort. Limited seats available.,No experience needed,Remote,1609976,1
Work From Home Typing,Scam Ltd,Earn high income with minimal effort. Limited seats available.,No experience needed,Remote,1955978,1
System Administrator,HCL,Looking for a skilled professional to join our growing team.,Relevant degree and skills required,Delhi,819866,0
Software Engineer,Accenture,Looking for a skilled professional to join our growing team.,Relevant degree and skills required,Hyderabad,463922,0
No Skill Job,NoCompany,Earn high income with minimal effort. Limited seats available.,No experience needed,Remote,1096326,1
UI/UX Designer,TCS,Looking for a skilled professional to join our growing team.,Relevant degree and skills required,Hyderabad,486991,0
Software Engineer,Infosys,Looking for a skilled professional to join our growing team.,Relevant degree and skills required,Bangalore,1171869,0
Backend Developer,Capgemini,Looking for a skilled professional to join our growing team.,Relevant degree and skills required,Bangalore,579934,0
Work From Home Typing,FakeCorp,Earn high income with minimal effort. Limited seats available.,No experience needed,Remote,1070353,1
System Administrator,Capgemini,Looking for a skilled professional to join our growing team.,Relevant degree and skills required,Pune,687724,0
Frontend Developer,Tech Mahindra,Looking for a skilled professional to join our growing team.,Relevant degree and skills required,Hyderabad,484887,0
Cybersecurity Analyst,Accenture,Looking for a skilled professional to join our growing team.,Relevant degree and skills required,Chennai,548674,0
System Administrator,Capgemini,Looking for a skilled professional to join our growing team.,Relevant degree and skills required,Bangalore,466197,0
Software Engineer,TCS,Looking for a skilled professional to join our growing team.,Relevant degree and skills required,Bangalore,767714,0
Easy Money Job,Unknown Pvt Ltd,Earn high income with minimal effort. Limited seats available.,No experience needed,Remote,1750932,1
System Administrator,TCS,Looking for a skilled professional to join our growing team.,Relevant degree and skills required,Bangalore,594990,0
Earn ₹5000 Daily,Unknown Pvt Ltd,Earn high income with minimal effort. Limited seats available.,No experience needed,Remote,1035993,1
Data Scientist,Wipro,Looking for a skilled professional to join our growing team.,Relevant degree and skills required,Bangalore,694889,0
DevOps Engineer,HCL,Looking for a skilled professional to join our growing team.,Relevant degree and skills required,Bangalore,634600,0
Software Engineer,Capgemini,Looking for a skilled professional to join our growing team.,Relevant degree and skills required,Mumbai,941120,0
Online Form Filling,FakeCorp,Earn high income with minimal effort. Limited seats available.,No experience needed,Remote,1453108,1
Earn ₹5000 Daily,Scam Ltd,Earn high income with minimal effort. Limited seats available.,No experience needed,Remote,639242,1
Cybersecurity Analyst,Tech Mahindra,Looking for a skilled professional to join our growing team.,Relevant degree and skills required,Mumbai,727972,0
Work From Home Typing,NoCompany,Earn high income with minimal effort. Limited seats available.,No experience needed,Remote,1781452,1
Work From Home Typing,Scam Ltd,Earn high income with minimal effort. Limited seats available.,No experience needed,Remote,1463005,1
Earn ₹5000 Daily,FakeCorp,Earn high income with minimal effort. Limited seats available.,No experience needed,Remote,1753264,1
Easy Money Job,Scam Ltd,Earn high income with minimal effort. Limited seats available.,No experience needed,Remote,1465811,1
Online Form Filling,NoCompany,Earn high income with minimal effort. Limited seats available.,No experience needed,Remote,1638780,1
Work From Home Typing,NoCompany,Earn high income with minimal effort. Limited seats available.,No experience needed,Remote,1316273,1
Data Scientist,Accenture,Looking for a skilled professional to join our growing team.,Relevant degree and skills required,Delhi,1128193,0
Earn ₹5000 Daily,Unknown Pvt Ltd,Earn high income with minimal effort. Limited seats available.,No experience needed,Remote,1920520,1
DevOps Engineer,Wipro,Looking for a skilled professional to join our growing team.,Relevant degree and skills required,Mumbai,380361,0
Data Scientist,HCL,Looking for a skilled professional to join our growing team.,Relevant degree and skills required,Chennai,683307,0
System Administrator,Tech Mahindra,Looking for a skilled professional to join our growing team.,Relevant degree and skills required,Hyderabad,750853,0
Online Form Filling,FakeCorp,Earn high income with minimal effort. Limited seats available.,No experience needed,Remote,767073,1
Online Form Filling,Scam Ltd,Earn high income with minimal effort. Limited seats available.,No experience needed,Remote,1185217,1
Part Time Data Entry,Unknown Pvt Ltd,Earn high income with minimal effort. Limited seats available.,No experience needed,Remote,1206871,1
Work From Home Typing,NoCompany,Earn high income with minimal effort. Limited seats available.,No experience needed,Remote,657125,1
Part Time Data Entry,Unknown Pvt Ltd,Earn high income with minimal effort. Limited seats available.,No experience needed,Remote,774387,1
Cybersecurity Analyst,Tech Mahindra,Looking for a skilled professional to join our growing team.,Relevant degree and skills required,Pune,467500,0
Cybersecurity Analyst,Wipro,Looking for a skilled professional to join our growing team.,Relevant degree and skills required,Mumbai,475782,0
Part Time Data Entry,Scam Ltd,Earn high income with minimal effort. Limited seats available.,No experience needed,Remote,1383360,1
No Skill Job,FakeCorp,Earn high income with minimal effort. Limited seats available.,No experience needed,Remote,1209721,1
UI/UX Designer,Infosys,Looking for a skilled professional to join our growing team.,Relevant degree and skills required,Pune,838376,0
Earn ₹5000 Daily,FakeCorp,Earn high income with minimal effort. Limited seats available.,No experience needed,Remote,1852685,1
No Skill Job,Unknown Pvt Ltd,Earn high income with minimal effort. Limited seats available.,No experience needed,Remote,1586451,1
Cybersecurity Analyst,TCS,Looking for a skilled professional to join our growing team.,Relevant degree and skills required,Chennai,554058,0
DevOps Engineer,Infosys,Looking for a skilled professional to join our growing team.,Relevant degree and skills required,Mumbai,995268,0
Online Form Filling,Scam Ltd,Earn high income with minimal effort. Limited seats available.,No experience needed,Remote,1620582,1
UI/UX Designer,Infosys,Looking for a skilled professional to join our growing team.,Relevant degree and skills required,Hyderabad,798080,0
Data Scientist,Wipro,Looking for a skilled professional to join our growing team.,Relevant degree and skills required,Chennai,697661,0
Work From Home Typing,Unknown Pvt Ltd,Earn high income with minimal effort. Limited seats available.,No experience needed,Remote,1457091,1
Earn ₹5000 Daily,Scam Ltd,Earn high income with minimal effort. Limited seats available.,No experience needed,Remote,1813098,1
Online Form Filling,NoCompany,Earn high income with minimal effort. Limited seats available.,No experience needed,Remote,1461313,1
Part Time Data Entry,Unknown Pvt Ltd,Earn high income with minimal effort. Limited seats available.,No experience needed,Remote,1853480,1
Backend Developer,HCL,Looking for a skilled professional to join our growing team.,Relevant degree and skills required,Chennai,647137,0
Easy Money Job,NoCompany,Earn high income with minimal effort. Limited seats available.,No experience needed,Remote,671929,1
Easy Money Job,Scam Ltd,Earn high income with minimal effort. Limited seats available.,No experience needed,Remote,652457,1
Cybersecurity Analyst,Accenture,Looking for a skilled professional to join our growing team.,Relevant degree and skills required,Pune,508286,0
Part Time Data Entry,FakeCorp,Earn high income with minimal effort. Limited seats available.,No experience needed,Remote,1732345,1
Part Time Data Entry,FakeCorp,Earn high income with minimal effort. Limited seats available.,No experience needed,Remote,1782409,1
DevOps Engineer,Tech Mahindra,Looking for a skilled professional to join our growing team.,Relevant degree and skills required,Hyderabad,1068927,0
Work From Home Typing,FakeCorp,Earn high income with minimal effort. Limited seats available.,No experience needed,Remote,996465,1
Backend Developer,TCS,Looking for a skilled professional to join our growing team.,Relevant degree and skills required,Hyderabad,694776,0
Data Scientist,Infosys,Looking for a skilled professional to join our growing team.,Relevant degree and skills required,Chennai,950611,0
UI/UX Designer,TCS,Looking for a skilled professional to join our growing team.,Relevant degree and skills required,Delhi,1112234,0
Cybersecurity Analyst,TCS,Looking for a skilled professional to join our growing team.,Relevant degree and skills required,Mumbai,833202,0
Backend Developer,HCL,Looking for a skilled professional to join our growing team.,Relevant degree and skills required,Delhi,442077,0
Work From Home Typing,FakeCorp,Earn high income with minimal effort. Limited seats available.,No experience needed,Remote,1486412,1
Online Form Filling,FakeCorp,Earn high income with minimal effort. Limited seats available.,No experience needed,Remote,1636222,1
Earn ₹5000 Daily,Unknown Pvt Ltd,Earn high income with minimal effort. Limited seats available.,No experience needed,Remote,844109,1
Part Time Data Entry,NoCompany,Earn high income with minimal effort. Limited seats available.,No experience needed,Remote,999011,1
Online Form Filling,Unknown Pvt Ltd,Earn high income with minimal effort. Limited seats available.,No experience needed,Remote,919036,1
Online Form Filling,Scam Ltd,Earn high income with minimal effort. Limited seats available.,No experience needed,Remote,1269972,1
System Administrator,Infosys,Looking for a skilled professional to join our growing team.,Relevant degree and skills required,Pune,1115068,0
Part Time Data Entry,Scam Ltd,Earn high income with minimal effort. Limited seats available.,No experience needed,Remote,1024530,1
Frontend Developer,HCL,Looking for a skilled professional to join our growing team.,Relevant degree and skills required,Mumbai,421183,0
No Skill Job,Scam Ltd,Earn high income with minimal effort. Limited seats available.,No experience needed,Remote,1669189,1
Easy Money Job,NoCompany,Earn high income with minimal effort. Limited seats available.,No experience needed,Remote,1774858,1
Cybersecurity Analyst,Capgemini,Looking for a skilled professional to join our growing team.,Relevant degree and skills required,Mumbai,392555,0
Data Scientist,Infosys,Looking for a skilled professional to join our growing team.,Relevant degree and skills required,Hyderabad,908359,0
DevOps Engineer,HCL,Looking for a skilled professional to join our growing team.,Relevant degree and skills required,Pune,861967,0
DevOps Engineer,HCL,Looking for a skilled professional to join our growing team.,Relevant degree and skills required,Chennai,346521,0
Earn ₹5000 Daily,NoCompany,Earn high income with minimal effort. Limited seats available.,No experience needed,Remote,1612715,1
Frontend Developer,Accenture,Looking for a skilled professional to join our growing team.,Relevant degree and skills required,Bangalore,810807,0
Earn ₹5000 Daily,Scam Ltd,Earn high income with minimal effort. Limited seats available.,No experience needed,Remote,1755865,1
Cybersecurity Analyst,Wipro,Looking for a skilled professional to join our growing team.,Relevant degree and skills required,Mumbai,702976,0
